{
    "Xmlns": "http://www.cargowise.com/Schemas/Universal/2011/11",
    "Version": "1.1",
    "Header": {
        "SenderID": "OECSH1AST",
        "RecipientID": "CHINAGUI"
    },
    "Body": {
        "UniversalTransaction": {
            "TransactionInfo": {
                "DataContext": {
                    "DataSourceCollection": {
                        "DataSource": [
                            {
                                "Type": "AccountingInvoice",
                                "Key": "AP INV AS20250818_2/"
                            }
                        ]
                    },
                    "ActionPurpose": {
                        "Code": "INV",
                        "Description": "Invoice"
                    },
                    "Company": {
                        "Code": "SH1",
                        "Country": {
                            "Code": "CN",
                            "Name": "China"
                        },
                        "Name": "ORIENT EXPRESS CONTAINER CO.,LTD (SH1)"
                    },
                    "DataProvider": "OECASTSH1",
                    "EnterpriseID": "OEC",
                    "EventBranch": {
                        "Code": "SH4",
                        "Name": "FOUR OFFICE"
                    },
                    "EventDepartment": {
                        "Code": "BRN",
                        "Name": "Branch"
                    },
                    "EventReference": "AP|INV|Posted",
                    "EventType": {
                        "Code": "ADD",
                        "Description": "Added a record to the system"
                    },
                    "EventUser": {
                        "Code": "ASW",
                        "Name": "Ashley Wu"
                    },
                    "ServerID": "AST",
                    "TriggerCount": 1,
                    "TriggerDate": "2025-08-18T17:19:43.993+08:00",
                    "TriggerDescription": "ADD to send AP Invoice",
                    "TriggerReference": "AP|INV|Posted",
                    "TriggerType": "Trigger",
                    "RecipientRoleCollection": {
                        "RecipientRole": [
                            {
                                "Code": "ORP",
                                "Description": "Organization Proxy"
                            }
                        ]
                    }
                },
                "Branch": {
                    "Code": "SH1",
                    "Name": "ORIENT EXPRESS CONTAINER CO.,LTD(SH1-CEP)"
                },
                "BranchAddress": {
                    "AddressType": "OFC",
                    "AdditionalAddressInformation": "ROOM I 16TH FL NO.726 WEST",
                    "Address1": "16 YAN'AN EAST ROAD",
                    "Address2": "CHANGNING DISTRICT",
                    "AddressOverride": false,
                    "AddressShortCode": "ROOM I, 16TH  FL, NO.726,",
                    "City": "SHANGHAI",
                    "CompanyName": "ORIENT EXPRESS CONTAINER CO., LTD.",
                    "Contact": "MISS WANG",
                    "Country": {
                        "Code": "CN",
                        "Name": "China"
                    },
                    "Email": "abc213@gmail.com",
                    "Fax": "",
                    "OrganizationCode": "ORIEXPPVG",
                    "Phone": "",
                    "Port": {
                        "Code": "CNSGH",
                        "Name": "Shanghai"
                    },
                    "Postcode": "200050",
                    "ScreeningStatus": {
                        "Code": "NOT",
                        "Description": "Not Screened"
                    },
                    "State": {
                        "Value": "31"
                    }
                },
                "Category": "STD",
                "CheckDrawer": "",
                "CheckNumberOrPaymentRef": "",
                "CreateTime": "2025-08-18T09:19:00",
                "CreateUser": {
                    "Value": "ASW"
                },
                "Department": {
                    "Code": "FES",
                    "Name": "Forwarding Export Sea"
                },
                "Description": "OERT201702Y00586",
                "DrawerBank": "",
                "DrawerBranch": "",
                "DueDate": "2025-08-18T17:19:00",
                "ExchangeRate": 1.0,
                "InvoiceTerm": "COD",
                "InvoiceTermDays": 0,
                "IsCancelled": false,
                "IsCreatedByMatchingProcess": false,
                "IsPrinted": false,
                "Job": {
                    "Type": "Job",
                    "Key": "SSSH1250818426"
                },
                "JobInvoiceNumber": "INV2508001010",
                "Ledger": "AP",
                "LocalCurrency": {
                    "Code": "CNY",
                    "Description": "Chinese Yuan"
                },
                "LocalExVATAmount": -47.75,
                "LocalTaxTransactionsAmount": 0.0,
                "LocalTotal": -47.75,
                "LocalVATAmount": 0.0,
                "Number": "AS20250818_2/",
                "NumberOfSupportingDocuments": 1,
                "OrganizationAddress": {
                    "AddressType": "OFC",
                    "Address1": "555 W PIERCE RD STE 210",
                    "Address2": "",
                    "AddressOverride": false,
                    "AddressShortCode": "650 E Devon Ave, Suite 10",
                    "City": "ITASCA",
                    "CompanyName": "OEC FREIGHT (NY), INC.",
                    "Contact": "ACCOUNTS PAYABLE",
                    "Country": {
                        "Code": "US",
                        "Name": "United States"
                    },
                    "Email": "calista.lee@oecgroup.com",
                    "Fax": "",
                    "OrganizationCode": "OECGRPORD",
                    "Phone": "",
                    "Port": {
                        "Code": "USITS",
                        "Name": "Itasca"
                    },
                    "Postcode": "60143",
                    "ScreeningStatus": {
                        "Code": "UNK",
                        "Description": "Unknown"
                    },
                    "State": {
                        "Value": "IL"
                    },
                    "RegistrationNumberCollection": {
                        "RegistrationNumber": [
                            {
                                "Type": {
                                    "Code": "EIN"
                                },
                                "CountryOfIssue": {
                                    "Code": "US",
                                    "Name": "United States"
                                },
                                "Value": "11-338330200"
                            },
                            {
                                "Type": {
                                    "Code": "LSC"
                                },
                                "CountryOfIssue": {
                                    "Code": "BL",
                                    "Name": "Saint Barthélemy"
                                },
                                "Value": "BILLINGCODE-718"
                            },
                            {
                                "Type": {
                                    "Code": "LSC"
                                },
                                "CountryOfIssue": {
                                    "Code": "TW",
                                    "Name": "Taiwan"
                                },
                                "Value": "AGENTCODE-ORD"
                            },
                            {
                                "Type": {
                                    "Code": "UOC"
                                },
                                "CountryOfIssue": {
                                    "Code": "US",
                                    "Name": "United States"
                                },
                                "Value": "718"
                            }
                        ]
                    }
                },
                "OutstandingAmount": -47.75,
                "PlaceOfIssue": "SHANGHAI",
                "PostDate": "2025-08-18T17:19:00",
                "ReceiptOrDirectDebitNumber": "",
                "RequisitionDate": "2025-08-18T17:19:00",
                "RequisitionStatus": "NRM",
                "TransactionDate": "2025-08-18T17:19:00",
                "TransactionType": "INV",
                "PostingJournalCollection": {
                    "PostingJournal": [
                        {
                            "Branch": {
                                "Code": "SH1",
                                "Name": "ORIENT EXPRESS CONTAINER CO.,LTD(SH1-CEP)"
                            },
                            "ChargeCode": {
                                "Code": "DOC",
                                "ChargeType": {
                                    "Code": "MJA",
                                    "Description": "Manual Job Accrual"
                                },
                                "Clazz": {
                                    "Code": "SRV",
                                    "Description": "Service"
                                },
                                "Description": "Destination Documentation Fee"
                            },
                            "ChargeCurrency": {
                                "Code": "CNY",
                                "Description": "Chinese Yuan"
                            },
                            "ChargeExchangeRate": 1.0,
                            "ChargeTotalAmount": 11.0,
                            "ChargeTotalExVATAmount": 11.0,
                            "Department": {
                                "Code": "FES",
                                "Name": "Forwarding Export Sea"
                            },
                            "Description": "Destination Documentation Fee_0818D",
                            "IsFinalCharge": false,
                            "Job": {
                                "Type": "Job",
                                "Key": "SSSH1250818426"
                            },
                            "JobRecognitionDate": "2025-08-18T00:00:00",
                            "LocalAmount": -11.0,
                            "LocalCurrency": {
                                "Code": "CNY",
                                "Description": "Chinese Yuan"
                            },
                            "LocalGLAccount": "5070.10.10",
                            "LocalGSTVATAmount": 0.0,
                            "LocalTotalAmount": -11.0,
                            "Organization": {
                                "Type": "Organization",
                                "Key": "OECGRPORD"
                            },
                            "RevenueRecognitionType": "DEP",
                            "Sequence": 1,
                            "TaxDate": "2025-08-18",
                            "TransactionCategory": "STD",
                            "TransactionType": "CST",
                            "PostingJournalDetailCollection": {
                                "PostingJournalDetail": [
                                    {
                                        "CreditGLAccount": {
                                            "AccountCode": "2110.00.00",
                                            "Description": "Accounts Payable Control",
                                            "LocalComplianceAccountCode": "2110.00.00",
                                            "LocalComplianceAccountDescription": "ACCOUNTS PAYABLE CONTROL"
                                        },
                                        "DebitGLAccount": {
                                            "AccountCode": "2111.00.00",
                                            "Description": "Cost Suspense Control Account",
                                            "LocalComplianceAccountCode": "2111.00.00",
                                            "LocalComplianceAccountDescription": "COST SUSPENSE CONTROL ACCOUNT"
                                        },
                                        "PostingAmount": 11.0,
                                        "PostingCurrency": {
                                            "Code": "CNY",
                                            "Description": "Chinese Yuan"
                                        },
                                        "PostingDate": "2025-08-18T17:19:00",
                                        "PostingPeriod": 202508
                                    },
                                    {
                                        "CreditGLAccount": {
                                            "AccountCode": "2111.00.00",
                                            "Description": "Cost Suspense Control Account",
                                            "LocalComplianceAccountCode": "2111.00.00",
                                            "LocalComplianceAccountDescription": "COST SUSPENSE CONTROL ACCOUNT"
                                        },
                                        "DebitGLAccount": {
                                            "AccountCode": "5070.10.10",
                                            "Description": "Handling Costs Actual",
                                            "LocalComplianceAccountCode": "5070.10.10",
                                            "LocalComplianceAccountDescription": "HANDLING COSTS ACTUAL"
                                        },
                                        "PostingAmount": 11.0,
                                        "PostingCurrency": {
                                            "Code": "CNY",
                                            "Description": "Chinese Yuan"
                                        },
                                        "PostingDate": "2025-08-18T00:00:00",
                                        "PostingPeriod": 202508
                                    }
                                ]
                            },
                            "Oscurrency": {
                                "Code": "CNY",
                                "Description": "Chinese Yuan"
                            },
                            "Osamount": -11.0,
                            "Osgstvatamount": 0.0,
                            "Glaccount": {
                                "AccountCode": "5070.10.10",
                                "Description": "Handling Costs Actual",
                                "LocalComplianceAccountCode": "5070.10.10",
                                "LocalComplianceAccountDescription": "HANDLING COSTS ACTUAL"
                            },
                            "GlpostDate": "2025-08-18T17:19:00",
                            "OstotalAmount": -11.0,
                            "VattaxID": {
                                "TaxCode": "FREEVAT",
                                "Description": "Zero Rated",
                                "TaxRate": 0,
                                "TaxType": {
                                    "Code": "RAT"
                                }
                            }
                        },
                        {
                            "Branch": {
                                "Code": "SH1",
                                "Name": "ORIENT EXPRESS CONTAINER CO.,LTD(SH1-CEP)"
                            },
                            "ChargeCode": {
                                "Code": "FRT",
                                "ChargeType": {
                                    "Code": "MJA",
                                    "Description": "Manual Job Accrual"
                                },
                                "Clazz": {
                                    "Code": "SRV",
                                    "Description": "Service"
                                },
                                "Description": "International Freight"
                            },
                            "ChargeCurrency": {
                                "Code": "USD",
                                "Description": "United States Dollar"
                            },
                            "ChargeExchangeRate": 7.35,
                            "ChargeTotalAmount": 5.0,
                            "ChargeTotalExVATAmount": 5.0,
                            "Department": {
                                "Code": "FES",
                                "Name": "Forwarding Export Sea"
                            },
                            "Description": "International Freight_0818F",
                            "IsFinalCharge": false,
                            "Job": {
                                "Type": "Job",
                                "Key": "SSSH1250818426"
                            },
                            "JobRecognitionDate": "2025-08-18T00:00:00",
                            "LocalAmount": -36.75,
                            "LocalCurrency": {
                                "Code": "CNY",
                                "Description": "Chinese Yuan"
                            },
                            "LocalGLAccount": "5020.10.10",
                            "LocalGSTVATAmount": 0.0,
                            "LocalTotalAmount": -36.75,
                            "Organization": {
                                "Type": "Organization",
                                "Key": "OECGRPORD"
                            },
                            "RevenueRecognitionType": "DEP",
                            "Sequence": 2,
                            "TaxDate": "2025-08-18",
                            "TransactionCategory": "STD",
                            "TransactionType": "CST",
                            "PostingJournalDetailCollection": {
                                "PostingJournalDetail": [
                                    {
                                        "CreditGLAccount": {
                                            "AccountCode": "2110.00.00",
                                            "Description": "Accounts Payable Control",
                                            "LocalComplianceAccountCode": "2110.00.00",
                                            "LocalComplianceAccountDescription": "ACCOUNTS PAYABLE CONTROL"
                                        },
                                        "DebitGLAccount": {
                                            "AccountCode": "2111.00.00",
                                            "Description": "Cost Suspense Control Account",
                                            "LocalComplianceAccountCode": "2111.00.00",
                                            "LocalComplianceAccountDescription": "COST SUSPENSE CONTROL ACCOUNT"
                                        },
                                        "PostingAmount": 36.75,
                                        "PostingCurrency": {
                                            "Code": "CNY",
                                            "Description": "Chinese Yuan"
                                        },
                                        "PostingDate": "2025-08-18T17:19:00",
                                        "PostingPeriod": 202508
                                    },
                                    {
                                        "CreditGLAccount": {
                                            "AccountCode": "2111.00.00",
                                            "Description": "Cost Suspense Control Account",
                                            "LocalComplianceAccountCode": "2111.00.00",
                                            "LocalComplianceAccountDescription": "COST SUSPENSE CONTROL ACCOUNT"
                                        },
                                        "DebitGLAccount": {
                                            "AccountCode": "5020.10.10",
                                            "Description": "Freight Costs Actual",
                                            "LocalComplianceAccountCode": "5020.10.10",
                                            "LocalComplianceAccountDescription": "FREIGHT COSTS ACTUAL"
                                        },
                                        "PostingAmount": 36.75,
                                        "PostingCurrency": {
                                            "Code": "CNY",
                                            "Description": "Chinese Yuan"
                                        },
                                        "PostingDate": "2025-08-18T00:00:00",
                                        "PostingPeriod": 202508
                                    }
                                ]
                            },
                            "Oscurrency": {
                                "Code": "USD",
                                "Description": "United States Dollar"
                            },
                            "Osamount": -5.0,
                            "Osgstvatamount": 0.0,
                            "Glaccount": {
                                "AccountCode": "5020.10.10",
                                "Description": "Freight Costs Actual",
                                "LocalComplianceAccountCode": "5020.10.10",
                                "LocalComplianceAccountDescription": "FREIGHT COSTS ACTUAL"
                            },
                            "GlpostDate": "2025-08-18T17:19:00",
                            "OstotalAmount": -5.0,
                            "VattaxID": {
                                "TaxCode": "FREEVAT",
                                "Description": "Zero Rated",
                                "TaxRate": 0,
                                "TaxType": {
                                    "Code": "RAT"
                                }
                            }
                        }
                    ]
                },
                "MessageNumberCollection": {
                    "MessageNumber": [
                        {
                            "Value": "490cd8c1-2a66-407c-b30d-3e907b16721a",
                            "Type": "TRACKING_ID"
                        },
                        {
                            "Value": "00000000000000561753",
                            "Type": "INTERCHANGE_NUMBER"
                        },
                        {
                            "Value": "00000000000000562851",
                            "Type": "MESSAGE_NUMBER"
                        }
                    ]
                },
                "ShipmentCollection": {
                    "Shipment": [
                        {
                            "DataContext": {
                                "DataSourceCollection": {
                                    "DataSource": [
                                        {
                                            "Type": "ForwardingShipment",
                                            "Key": "SSSH1250818426"
                                        }
                                    ]
                                }
                            },
                            "ActualChargeable": 4.3,
                            "AdditionalTerms": "SHANGHAI",
                            "BookingConfirmationReference": "",
                            "CartageWaybillNumber": "",
                            "CommunityTransitStatus": {
                                "Code": ""
                            },
                            "CompanyTariffLevelOverride": 0,
                            "ContainerCount": 0,
                            "ContainerMode": {
                                "Code": "LCL",
                                "Description": "Less Container Load"
                            },
                            "DocumentedChargeable": 4.3,
                            "DocumentedVolume": 4.3,
                            "DocumentedWeight": 878.0,
                            "EventBranchHomePort": {
                                "Code": "CNSGH",
                                "Name": "Shanghai"
                            },
                            "FreightRate": 0.0,
                            "FreightRateCurrency": {
                                "Code": ""
                            },
                            "GoodsDescription": "Visor hat",
                            "GoodsValue": 0.0,
                            "GoodsValueCurrency": {
                                "Code": "USD",
                                "Description": "United States Dollar"
                            },
                            "GreenhouseGasEmission": {
                                "Co2E": 0,
                                "Co2EDescriptiveStatus": {
                                    "Code": "NON",
                                    "Description": "Not Calculated"
                                },
                                "Co2EUnit": {
                                    "Code": "KG",
                                    "Description": "Kilograms"
                                }
                            },
                            "HouseBillOfLadingType": {
                                "Code": "IAU",
                                "Description": "IT Club Australia"
                            },
                            "InsuranceValue": 0.0,
                            "InsuranceValueCurrency": {
                                "Code": "USD",
                                "Description": "United States Dollar"
                            },
                            "InterimReceiptNumber": "",
                            "IsBooking": false,
                            "IsCancelled": false,
                            "IsCFSRegistered": false,
                            "IsDirectBooking": false,
                            "IsForwardRegistered": true,
                            "IsHighRisk": false,
                            "IsNeutralMaster": {
                                "Value": false
                            },
                            "IsShipping": false,
                            "IsSplitShipment": false,
                            "JobCosting": {
                                "AccrualNotRecognized": 0.0,
                                "AccrualRecognized": 0.0,
                                "AgentRevenue": 0,
                                "Branch": {
                                    "Code": "SH1",
                                    "Name": "ORIENT EXPRESS CONTAINER CO.,LTD(SH1-CEP)"
                                },
                                "ClientContractNumber": "",
                                "Currency": {
                                    "Code": "CNY",
                                    "Description": "Chinese Yuan"
                                },
                                "Department": {
                                    "Code": "FES",
                                    "Name": "Forwarding Export Sea"
                                },
                                "HomeBranch": {
                                    "Code": "SH1",
                                    "Name": "ORIENT EXPRESS CONTAINER CO.,LTD(SH1-CEP)"
                                },
                                "LocalClientRevenue": 0,
                                "OperationsStaff": {
                                    "Code": "ASW",
                                    "Name": "Ashley Wu"
                                },
                                "OtherDebtorRevenue": 0,
                                "TotalAccrual": 0.0,
                                "TotalCost": -47.75,
                                "TotalJobProfit": -47.75,
                                "TotalRevenue": 0.0,
                                "TotalWIP": 0.0,
                                "ChargeLineCollection": {
                                    "ChargeLine": [
                                        {
                                            "Branch": {
                                                "Code": "SH1",
                                                "Name": "ORIENT EXPRESS CONTAINER CO.,LTD(SH1-CEP)"
                                            },
                                            "ChargeCode": {
                                                "Code": "DOC",
                                                "Description": "Destination Documentation Fee"
                                            },
                                            "ChargeCodeGroup": {
                                                "Code": "DST",
                                                "Description": "Destination"
                                            },
                                            "CostAPInvoiceNumber": "AS20250818_2/",
                                            "CostDueDate": "2025-08-18T17:19:00",
                                            "CostExchangeRate": 1.0,
                                            "CostGSTVATID": {
                                                "TaxCode": "FREEVAT",
                                                "Description": "Zero Rated"
                                            },
                                            "CostInvoiceDate": "2025-08-18T17:19:00",
                                            "CostIsPosted": true,
                                            "CostLocalAmount": 11.0,
                                            "CostOSAmount": 11.0,
                                            "CostOSCurrency": {
                                                "Code": "CNY",
                                                "Description": "Chinese Yuan"
                                            },
                                            "CostOSGSTVATAmount": 0.0,
                                            "CostRatingBehaviour": {
                                                "Code": "NEW",
                                                "Description": "Create new Charge during AutoRating"
                                            },
                                            "Creditor": {
                                                "Type": "Organization",
                                                "Key": "OECGRPORD"
                                            },
                                            "Debtor": {
                                                "Type": "Organization",
                                                "Key": "OECGRPNYC"
                                            },
                                            "Department": {
                                                "Code": "FES",
                                                "Name": "Forwarding Export Sea"
                                            },
                                            "Description": "Destination Documentation Fee_0818D",
                                            "DisplaySequence": 1,
                                            "SellExchangeRate": 7.1,
                                            "SellGSTVATID": {
                                                "TaxCode": "FREEVAT",
                                                "Description": "Zero Rated"
                                            },
                                            "SellInvoiceType": "FIN",
                                            "SellIsPosted": false,
                                            "SellLocalAmount": 0.0,
                                            "SellOSAmount": 0.0,
                                            "SellOSCurrency": {
                                                "Code": "USD",
                                                "Description": "United States Dollar"
                                            },
                                            "SellOSGSTVATAmount": 0,
                                            "SellRatingBehaviour": {
                                                "Code": "REA",
                                                "Description": "Clear and Re-autorate this charge"
                                            },
                                            "CostRatingBasisCollection": {
                                                "CostRatingBasis": []
                                            },
                                            "SellRatingBasisCollection": {
                                                "SellRatingBasis": []
                                            },
                                            "ApcashAdvanceRequired": false,
                                            "ArcashAdvanceRequired": false
                                        },
                                        {
                                            "Branch": {
                                                "Code": "SH1",
                                                "Name": "ORIENT EXPRESS CONTAINER CO.,LTD(SH1-CEP)"
                                            },
                                            "ChargeCode": {
                                                "Code": "FRT",
                                                "Description": "International Freight"
                                            },
                                            "ChargeCodeGroup": {
                                                "Code": "FRT",
                                                "Description": "Freight"
                                            },
                                            "CostAPInvoiceNumber": "AS20250818_2/",
                                            "CostDueDate": "2025-08-18T17:19:00",
                                            "CostExchangeRate": 7.35,
                                            "CostGSTVATID": {
                                                "TaxCode": "FREEVAT",
                                                "Description": "Zero Rated"
                                            },
                                            "CostInvoiceDate": "2025-08-18T17:19:00",
                                            "CostIsPosted": true,
                                            "CostLocalAmount": 36.75,
                                            "CostOSAmount": 5.0,
                                            "CostOSCurrency": {
                                                "Code": "USD",
                                                "Description": "United States Dollar"
                                            },
                                            "CostOSGSTVATAmount": 0.0,
                                            "CostRatingBehaviour": {
                                                "Code": "NEW",
                                                "Description": "Create new Charge during AutoRating"
                                            },
                                            "Creditor": {
                                                "Type": "Organization",
                                                "Key": "OECGRPORD"
                                            },
                                            "Debtor": {
                                                "Type": "Organization",
                                                "Key": "OECGRPNYC"
                                            },
                                            "Department": {
                                                "Code": "FES",
                                                "Name": "Forwarding Export Sea"
                                            },
                                            "Description": "International Freight_0818F",
                                            "DisplaySequence": 2,
                                            "SellExchangeRate": 7.1,
                                            "SellGSTVATID": {
                                                "TaxCode": "FREEVAT",
                                                "Description": "Zero Rated"
                                            },
                                            "SellInvoiceType": "FIN",
                                            "SellIsPosted": false,
                                            "SellLocalAmount": 0.0,
                                            "SellOSAmount": 0.0,
                                            "SellOSCurrency": {
                                                "Code": "USD",
                                                "Description": "United States Dollar"
                                            },
                                            "SellOSGSTVATAmount": 0,
                                            "SellRatingBehaviour": {
                                                "Code": "REA",
                                                "Description": "Clear and Re-autorate this charge"
                                            },
                                            "CostRatingBasisCollection": {
                                                "CostRatingBasis": []
                                            },
                                            "SellRatingBasisCollection": {
                                                "SellRatingBasis": []
                                            },
                                            "ApcashAdvanceRequired": false,
                                            "ArcashAdvanceRequired": false
                                        }
                                    ]
                                },
                                "WipnotRecognized": 0.0,
                                "Wiprecognized": 0.0
                            },
                            "ManifestedChargeable": 4.3,
                            "ManifestedVolume": 4.3,
                            "ManifestedWeight": 878.0,
                            "NoCopyBills": 3,
                            "NoOriginalBills": 0,
                            "OuterPacks": 64,
                            "OuterPacksPackageType": {
                                "Code": "CTN",
                                "Description": "Carton"
                            },
                            "PackingOrder": 0,
                            "PortOfDestination": {
                                "Code": "USNYC",
                                "Name": "New York"
                            },
                            "PortOfOrigin": {
                                "Code": "CNSGH",
                                "Name": "Shanghai"
                            },
                            "RateCommodity": {
                                "Code": ""
                            },
                            "ReleaseType": {
                                "Code": "OBO",
                                "Description": "Original Bill - Surrendered at Origin"
                            },
                            "ScreeningStatus": {
                                "Code": "NOT",
                                "Description": "Not Screened"
                            },
                            "ServiceLevel": {
                                "Code": "STD",
                                "Description": "Port to Port"
                            },
                            "ShipmentIncoTerm": {
                                "Code": "FOB",
                                "Description": "Free On Board"
                            },
                            "ShipmentType": {
                                "Code": "CLD",
                                "Description": "Co-Load Master"
                            },
                            "ShippedOnBoard": {
                                "Code": "SHP",
                                "Description": "Shipped"
                            },
                            "ShipperCODAmount": 0.0,
                            "ShipperCODPayMethod": {
                                "Code": ""
                            },
                            "TotalNoOfPacks": 0,
                            "TotalNoOfPacksPackageType": {
                                "Code": "CTN",
                                "Description": "Carton"
                            },
                            "TotalVolume": 4.3,
                            "TotalVolumeUnit": {
                                "Code": "M3",
                                "Description": "Cubic Meters"
                            },
                            "TotalWeight": 878.0,
                            "TotalWeightUnit": {
                                "Code": "KG",
                                "Description": "Kilograms"
                            },
                            "TranshipToOtherCFS": false,
                            "TransportMode": {
                                "Code": "SEA",
                                "Description": "Sea Freight"
                            },
                            "WarehouseLocation": "",
                            "WayBillNumber": "OERT201702Y00586",
                            "WayBillType": {
                                "Code": "HWB",
                                "Description": "House Waybill"
                            },
                            "LocalProcessing": {
                                "ArrivalCartageRef": "",
                                "DeliveryCartageAdvised": "",
                                "DeliveryCartageCompleted": "",
                                "DeliveryLabourCharge": 0.0,
                                "DeliveryLabourTime": "",
                                "DeliveryRequiredBy": "",
                                "DeliveryRequiredFrom": "",
                                "DeliveryTruckWaitCharge": 0.0,
                                "DeliveryTruckWaitTime": "",
                                "DemurrageOnDeliveryCharge": 0.0,
                                "DemurrageOnDeliveryTime": "",
                                "DemurrageOnPickupCharge": 0.0,
                                "DemurrageOnPickupTime": "",
                                "EstimatedDelivery": "",
                                "EstimatedPickup": "",
                                "ExportStatement": {
                                    "Code": ""
                                },
                                "HasProhibitedPackaging": false,
                                "InsuranceRequired": false,
                                "IsContingencyRelease": false,
                                "PickupCartageAdvised": "",
                                "PickupCartageCompleted": "",
                                "PickupLabourCharge": 0.0,
                                "PickupLabourTime": "",
                                "PickupRequiredBy": "",
                                "PickupRequiredFrom": "",
                                "PickupTruckWaitCharge": 0.0,
                                "PickupTruckWaitTime": "",
                                "PrintOptionForPackagesOnAWB": {
                                    "Code": "DEF",
                                    "Description": "Default (Dims, fallback to Vol)"
                                },
                                "FcldeliveryDetentionCharge": 0.0,
                                "FcldeliveryDetentionDays": 0,
                                "FcldeliveryDetentionFreeDays": 0,
                                "FcldeliveryEquipmentNeeded": {
                                    "Code": ""
                                },
                                "FclpickupDetentionCharge": 0.0,
                                "FclpickupDetentionDays": 0,
                                "FclpickupDetentionFreeDays": 0,
                                "FclpickupEquipmentNeeded": {
                                    "Code": ""
                                },
                                "LclairStorageCharge": 0.0,
                                "LclairStorageDaysOrHours": 0,
                                "LcldatesOverrideConsol": false,
                                "Fclavailable": "",
                                "FclstorageCommences": "",
                                "Lclavailable": "",
                                "LclstorageCommences": ""
                            },
                            "CustomizedFieldCollection": {
                                "CustomizedField": [
                                    {
                                        "DataType": "String",
                                        "Key": "BSR Status",
                                        "Value": "RCV"
                                    },
                                    {
                                        "DataType": "String",
                                        "Key": "STAGE",
                                        "Value": "BOK"
                                    },
                                    {
                                        "DataType": "String",
                                        "Key": "ISF",
                                        "Value": ""
                                    },
                                    {
                                        "DataType": "String",
                                        "Key": "BSR",
                                        "Value": ""
                                    },
                                    {
                                        "DataType": "String",
                                        "Key": "CustomerRef",
                                        "Value": ""
                                    },
                                    {
                                        "DataType": "String",
                                        "Key": "Calculated Shipment",
                                        "Value": ""
                                    },
                                    {
                                        "DataType": "String",
                                        "Key": "Bullet Number",
                                        "Value": ""
                                    }
                                ]
                            },
                            "DateCollection": {
                                "Date": [
                                    {
                                        "Type": "BookingConfirmed",
                                        "IsEstimate": false,
                                        "Value": "2025-08-18T00:00:00"
                                    },
                                    {
                                        "Type": "Received",
                                        "IsEstimate": false,
                                        "Value": ""
                                    },
                                    {
                                        "Type": "Departure",
                                        "IsEstimate": true,
                                        "Value": "2025-08-18T00:00:00"
                                    },
                                    {
                                        "Type": "Arrival",
                                        "IsEstimate": true,
                                        "Value": ""
                                    },
                                    {
                                        "Type": "DeliveryDueDate",
                                        "IsEstimate": false,
                                        "Value": ""
                                    },
                                    {
                                        "Type": "RevisedDeliveryDueDate",
                                        "IsEstimate": false,
                                        "Value": ""
                                    },
                                    {
                                        "Type": "ShippedOnBoard",
                                        "IsEstimate": false,
                                        "Value": ""
                                    },
                                    {
                                        "Type": "BillIssued",
                                        "IsEstimate": false,
                                        "Value": ""
                                    },
                                    {
                                        "Type": "PickupReceiptRequested",
                                        "IsEstimate": false,
                                        "Value": ""
                                    },
                                    {
                                        "Type": "DeliveryReceiptRequested",
                                        "IsEstimate": false,
                                        "Value": ""
                                    },
                                    {
                                        "Type": "PickupDispatchRequested",
                                        "IsEstimate": false,
                                        "Value": ""
                                    },
                                    {
                                        "Type": "DeliveryDispatchRequested",
                                        "IsEstimate": false,
                                        "Value": ""
                                    }
                                ]
                            },
                            "NoteCollection": {
                                "Note": [
                                    {
                                        "Description": "Detailed Goods Description",
                                        "IsCustomDescription": false,
                                        "NoteText": "Visor hat",
                                        "NoteContext": {
                                            "Code": "AAA",
                                            "Description": "Module: A - All, Direction: A - All, Freight: A - All"
                                        },
                                        "Visibility": {
                                            "Code": "PUB",
                                            "Description": "CLIENT-VISIBLE"
                                        }
                                    },
                                    {
                                        "Description": "SO Instruction",
                                        "IsCustomDescription": false,
                                        "NoteText": "https://osit-erpportal.oecgroup.com/instruction/SH1/SSSH1250818426",
                                        "NoteContext": {
                                            "Code": "AEA",
                                            "Description": "Module: A - All, Direction: E - Export, Freight: A - All"
                                        },
                                        "Visibility": {
                                            "Code": "INT",
                                            "Description": "INTERNAL"
                                        },
                                        "VisibleCompany": {
                                            "Code": "SH1",
                                            "Description": "ORIENT EXPRESS CONTAINER CO.,LTD (SH1)"
                                        }
                                    }
                                ],
                                "Content": "PARTIAL"
                            },
                            "OrganizationAddressCollection": {
                                "OrganizationAddress": [
                                    {
                                        "AddressType": "ConsignorDocumentaryAddress",
                                        "AdditionalAddressInformation": "ROOM I 16TH FL NO.726 WEST",
                                        "Address1": "16 YAN'AN EAST ROAD",
                                        "Address2": "CHANGNING DISTRICT",
                                        "AddressOverride": false,
                                        "AddressShortCode": "OEC SHA AIR EXPORT",
                                        "City": "SHANGHAI",
                                        "CompanyName": "ORIENT EXPRESS CONTAINER CO., LTD.",
                                        "Country": {
                                            "Code": "CN",
                                            "Name": "China"
                                        },
                                        "Email": "airl.sha@oecgroup.com",
                                        "Fax": "",
                                        "OrganizationCode": "ORIEXPPVG",
                                        "Phone": "",
                                        "Port": {
                                            "Code": "CNPVG",
                                            "Name": "Shanghai Pudong International Apt"
                                        },
                                        "Postcode": "200050",
                                        "ScreeningStatus": {
                                            "Code": "NOT",
                                            "Description": "Not Screened"
                                        },
                                        "State": {
                                            "Value": "31",
                                            "Description": "SHANGHAI"
                                        }
                                    },
                                    {
                                        "AddressType": "ConsigneeDocumentaryAddress",
                                        "Address1": "2200 LIND AVE SW STE 909",
                                        "Address2": "",
                                        "AddressOverride": false,
                                        "AddressShortCode": "2200 LIND AVE SW STE 909",
                                        "City": "RENTON",
                                        "CompanyName": "OEC GRP FREIGHT COMPANIES INC.",
                                        "Country": {
                                            "Code": "US",
                                            "Name": "United States"
                                        },
                                        "Email": "",
                                        "Fax": "",
                                        "GovRegNum": "91-2137362",
                                        "GovRegNumType": {
                                            "Code": "EIN",
                                            "Description": "Employer Identification Number"
                                        },
                                        "OrganizationCode": "OECGRPSEA",
                                        "Phone": "+14252720789",
                                        "Port": {
                                            "Code": "USSEA",
                                            "Name": "Seattle"
                                        },
                                        "Postcode": "98057",
                                        "ScreeningStatus": {
                                            "Code": "UNK",
                                            "Description": "Unknown"
                                        },
                                        "State": {
                                            "Value": "WA",
                                            "Description": "Washington"
                                        },
                                        "RegistrationNumberCollection": {
                                            "RegistrationNumber": [
                                                {
                                                    "Type": {
                                                        "Code": "LSC",
                                                        "Description": "Legacy System Code"
                                                    },
                                                    "CountryOfIssue": {
                                                        "Code": "BL",
                                                        "Name": "Saint Barthélemy"
                                                    },
                                                    "Value": "BILLINGCODE-704"
                                                },
                                                {
                                                    "Type": {
                                                        "Code": "LSC",
                                                        "Description": "Legacy System Code"
                                                    },
                                                    "CountryOfIssue": {
                                                        "Code": "TW",
                                                        "Name": "Taiwan"
                                                    },
                                                    "Value": "AGENTCODE-SEA"
                                                },
                                                {
                                                    "Type": {
                                                        "Code": "LSC",
                                                        "Description": "Legacy System Code"
                                                    },
                                                    "CountryOfIssue": {
                                                        "Code": "SA",
                                                        "Name": "Saudi Arabia"
                                                    },
                                                    "Value": "FMSSEAID-45"
                                                },
                                                {
                                                    "Type": {
                                                        "Code": "CCC",
                                                        "Description": "Standard Carrier Alpha Code (Sea)"
                                                    },
                                                    "CountryOfIssue": {
                                                        "Code": "US",
                                                        "Name": "United States"
                                                    },
                                                    "Value": "OERT"
                                                }
                                            ]
                                        }
                                    },
                                    {
                                        "AddressType": "NotifyParty",
                                        "Address1": "2200 LIND AVE SW STE 909",
                                        "Address2": "",
                                        "AddressOverride": false,
                                        "AddressShortCode": "2200 LIND AVE SW STE 909",
                                        "City": "RENTON",
                                        "CompanyName": "OEC GRP FREIGHT COMPANIES INC.",
                                        "Country": {
                                            "Code": "US",
                                            "Name": "United States"
                                        },
                                        "Email": "",
                                        "Fax": "",
                                        "GovRegNum": "91-2137362",
                                        "GovRegNumType": {
                                            "Code": "EIN",
                                            "Description": "Employer Identification Number"
                                        },
                                        "OrganizationCode": "OECGRPSEA",
                                        "Phone": "+14252720789",
                                        "Port": {
                                            "Code": "USSEA",
                                            "Name": "Seattle"
                                        },
                                        "Postcode": "98057",
                                        "ScreeningStatus": {
                                            "Code": "UNK",
                                            "Description": "Unknown"
                                        },
                                        "State": {
                                            "Value": "WA",
                                            "Description": "Washington"
                                        },
                                        "RegistrationNumberCollection": {
                                            "RegistrationNumber": [
                                                {
                                                    "Type": {
                                                        "Code": "LSC",
                                                        "Description": "Legacy System Code"
                                                    },
                                                    "CountryOfIssue": {
                                                        "Code": "BL",
                                                        "Name": "Saint Barthélemy"
                                                    },
                                                    "Value": "BILLINGCODE-704"
                                                },
                                                {
                                                    "Type": {
                                                        "Code": "LSC",
                                                        "Description": "Legacy System Code"
                                                    },
                                                    "CountryOfIssue": {
                                                        "Code": "TW",
                                                        "Name": "Taiwan"
                                                    },
                                                    "Value": "AGENTCODE-SEA"
                                                },
                                                {
                                                    "Type": {
                                                        "Code": "LSC",
                                                        "Description": "Legacy System Code"
                                                    },
                                                    "CountryOfIssue": {
                                                        "Code": "SA",
                                                        "Name": "Saudi Arabia"
                                                    },
                                                    "Value": "FMSSEAID-45"
                                                },
                                                {
                                                    "Type": {
                                                        "Code": "CCC",
                                                        "Description": "Standard Carrier Alpha Code (Sea)"
                                                    },
                                                    "CountryOfIssue": {
                                                        "Code": "US",
                                                        "Name": "United States"
                                                    },
                                                    "Value": "OERT"
                                                }
                                            ]
                                        }
                                    },
                                    {
                                        "AddressType": "PickupAgent",
                                        "AdditionalAddressInformation": "ROOM I 16TH FL NO.726 WEST",
                                        "Address1": "16 YAN'AN EAST ROAD",
                                        "Address2": "CHANGNING DISTRICT",
                                        "AddressOverride": false,
                                        "AddressShortCode": "OEC SHA AIR EXPORT",
                                        "City": "SHANGHAI",
                                        "CompanyName": "ORIENT EXPRESS CONTAINER CO., LTD.",
                                        "Country": {
                                            "Code": "CN",
                                            "Name": "China"
                                        },
                                        "Email": "airl.sha@oecgroup.com",
                                        "Fax": "",
                                        "OrganizationCode": "ORIEXPPVG",
                                        "Phone": "",
                                        "Port": {
                                            "Code": "CNPVG",
                                            "Name": "Shanghai Pudong International Apt"
                                        },
                                        "Postcode": "200050",
                                        "ScreeningStatus": {
                                            "Code": "NOT",
                                            "Description": "Not Screened"
                                        },
                                        "State": {
                                            "Value": "31",
                                            "Description": "SHANGHAI"
                                        }
                                    },
                                    {
                                        "AddressType": "SendersLocalClient",
                                        "Address1": "16 YAN'AN EAST ROAD",
                                        "Address2": "CHANGNING DISTRICT",
                                        "AddressOverride": false,
                                        "AddressShortCode": "ROOM I, 16TH  FL, NO.726,",
                                        "City": "SHANGHAI",
                                        "CompanyName": "ORIENT EXPRESS CONTAINER CO., LTD.",
                                        "Country": {
                                            "Code": "CN",
                                            "Name": "China"
                                        },
                                        "Email": "airl.sha@oecgroup.com",
                                        "Fax": "",
                                        "OrganizationCode": "ORIEXPPVG",
                                        "Phone": "+862151188000",
                                        "Port": {
                                            "Code": "CNSGH",
                                            "Name": "Shanghai"
                                        },
                                        "Postcode": "200050",
                                        "ScreeningStatus": {
                                            "Code": "NOT",
                                            "Description": "Not Screened"
                                        },
                                        "State": {
                                            "Value": "31",
                                            "Description": "SHANGHAI"
                                        }
                                    },
                                    {
                                        "AddressType": "SendersOverseasAgent",
                                        "Address1": "ONE CROSS ISLAND PLAZA",
                                        "Address2": "13333 BROOKVILLE BLVD STE 306",
                                        "AddressOverride": false,
                                        "AddressShortCode": "13333 BROOKVILLE BLVD STE",
                                        "City": "ROSEDALE",
                                        "CompanyName": "OEC FREIGHT (NY), INC.",
                                        "Country": {
                                            "Code": "US",
                                            "Name": "United States"
                                        },
                                        "Email": "",
                                        "Fax": "+17185277077",
                                        "GovRegNum": "11-338330200",
                                        "GovRegNumType": {
                                            "Code": "EIN",
                                            "Description": "Employer Identification Number"
                                        },
                                        "OrganizationCode": "OECGRPNYC",
                                        "Phone": "+17185277171",
                                        "Port": {
                                            "Code": "USRDQ",
                                            "Name": "Rosedale"
                                        },
                                        "Postcode": "11422",
                                        "ScreeningStatus": {
                                            "Code": "UNK",
                                            "Description": "Unknown"
                                        },
                                        "State": {
                                            "Value": "NY",
                                            "Description": "New York"
                                        },
                                        "UniversalOfficeCode": "702",
                                        "RegistrationNumberCollection": {
                                            "RegistrationNumber": [
                                                {
                                                    "Type": {
                                                        "Code": "LSC",
                                                        "Description": "Legacy System Code"
                                                    },
                                                    "CountryOfIssue": {
                                                        "Code": "BL",
                                                        "Name": "Saint Barthélemy"
                                                    },
                                                    "Value": "BILLINGCODE-702"
                                                },
                                                {
                                                    "Type": {
                                                        "Code": "LSC",
                                                        "Description": "Legacy System Code"
                                                    },
                                                    "CountryOfIssue": {
                                                        "Code": "TW",
                                                        "Name": "Taiwan"
                                                    },
                                                    "Value": "AGENTCODE-JFK"
                                                },
                                                {
                                                    "Type": {
                                                        "Code": "LSC",
                                                        "Description": "Legacy System Code"
                                                    },
                                                    "CountryOfIssue": {
                                                        "Code": "SA",
                                                        "Name": "Saudi Arabia"
                                                    },
                                                    "Value": "FMSSEAID-66"
                                                },
                                                {
                                                    "Type": {
                                                        "Code": "C1C",
                                                        "Description": "CargoWiseOne Carrier Code"
                                                    },
                                                    "CountryOfIssue": {
                                                        "Code": "US",
                                                        "Name": "United States"
                                                    },
                                                    "Value": "C1SB"
                                                },
                                                {
                                                    "Type": {
                                                        "Code": "CCC",
                                                        "Description": "Standard Carrier Alpha Code (Sea)"
                                                    },
                                                    "CountryOfIssue": {
                                                        "Code": "US",
                                                        "Name": "United States"
                                                    },
                                                    "Value": "SMLU"
                                                },
                                                {
                                                    "Type": {
                                                        "Code": "STR",
                                                        "Description": "STIR Soliq Toʼlovchining Identifika"
                                                    },
                                                    "CountryOfIssue": {
                                                        "Code": "UZ",
                                                        "Name": "Uzbekistan"
                                                    },
                                                    "Value": "test123"
                                                }
                                            ]
                                        }
                                    },
                                    {
                                        "AddressType": "ImportBroker",
                                        "Address1": "SAME AS CONSIGNEE",
                                        "Address2": "",
                                        "AddressOverride": false,
                                        "AddressShortCode": "1 CROSS ISLAND PLZ STE 30",
                                        "City": "ROSEDALE",
                                        "CompanyName": "NOTIFY CONSIGNEE ONLY",
                                        "Country": {
                                            "Code": "US",
                                            "Name": "United States"
                                        },
                                        "Email": "",
                                        "Fax": "",
                                        "OrganizationCode": "NOTCONRDQ",
                                        "Phone": "",
                                        "Port": {
                                            "Code": "USRDQ",
                                            "Name": "Rosedale"
                                        },
                                        "Postcode": "11422",
                                        "ScreeningStatus": {
                                            "Code": "NOT",
                                            "Description": "Not Screened"
                                        },
                                        "State": {
                                            "Value": "NY",
                                            "Description": "New York"
                                        }
                                    },
                                    {
                                        "AddressType": "DeliveryAgent",
                                        "Address1": "ONE CROSS ISLAND PLAZA",
                                        "Address2": "13333 BROOKVILLE BLVD STE 306",
                                        "AddressOverride": false,
                                        "AddressShortCode": "13333 BROOKVILLE BLVD STE",
                                        "City": "ROSEDALE",
                                        "CompanyName": "OEC FREIGHT (NY), INC.",
                                        "Country": {
                                            "Code": "US",
                                            "Name": "United States"
                                        },
                                        "Email": "",
                                        "Fax": "+17185277077",
                                        "GovRegNum": "11-338330200",
                                        "GovRegNumType": {
                                            "Code": "EIN",
                                            "Description": "Employer Identification Number"
                                        },
                                        "OrganizationCode": "OECGRPNYC",
                                        "Phone": "+17185277171",
                                        "Port": {
                                            "Code": "USRDQ",
                                            "Name": "Rosedale"
                                        },
                                        "Postcode": "11422",
                                        "ScreeningStatus": {
                                            "Code": "UNK",
                                            "Description": "Unknown"
                                        },
                                        "State": {
                                            "Value": "NY",
                                            "Description": "New York"
                                        },
                                        "UniversalOfficeCode": "702",
                                        "RegistrationNumberCollection": {
                                            "RegistrationNumber": [
                                                {
                                                    "Type": {
                                                        "Code": "LSC",
                                                        "Description": "Legacy System Code"
                                                    },
                                                    "CountryOfIssue": {
                                                        "Code": "BL",
                                                        "Name": "Saint Barthélemy"
                                                    },
                                                    "Value": "BILLINGCODE-702"
                                                },
                                                {
                                                    "Type": {
                                                        "Code": "LSC",
                                                        "Description": "Legacy System Code"
                                                    },
                                                    "CountryOfIssue": {
                                                        "Code": "TW",
                                                        "Name": "Taiwan"
                                                    },
                                                    "Value": "AGENTCODE-JFK"
                                                },
                                                {
                                                    "Type": {
                                                        "Code": "LSC",
                                                        "Description": "Legacy System Code"
                                                    },
                                                    "CountryOfIssue": {
                                                        "Code": "SA",
                                                        "Name": "Saudi Arabia"
                                                    },
                                                    "Value": "FMSSEAID-66"
                                                },
                                                {
                                                    "Type": {
                                                        "Code": "C1C",
                                                        "Description": "CargoWiseOne Carrier Code"
                                                    },
                                                    "CountryOfIssue": {
                                                        "Code": "US",
                                                        "Name": "United States"
                                                    },
                                                    "Value": "C1SB"
                                                },
                                                {
                                                    "Type": {
                                                        "Code": "CCC",
                                                        "Description": "Standard Carrier Alpha Code (Sea)"
                                                    },
                                                    "CountryOfIssue": {
                                                        "Code": "US",
                                                        "Name": "United States"
                                                    },
                                                    "Value": "SMLU"
                                                },
                                                {
                                                    "Type": {
                                                        "Code": "STR",
                                                        "Description": "STIR Soliq Toʼlovchining Identifika"
                                                    },
                                                    "CountryOfIssue": {
                                                        "Code": "UZ",
                                                        "Name": "Uzbekistan"
                                                    },
                                                    "Value": "test123"
                                                }
                                            ]
                                        }
                                    }
                                ]
                            },
                            "PackingLineCollection": {
                                "PackingLine": [
                                    {
                                        "Commodity": {
                                            "Code": "GEN",
                                            "Description": "General"
                                        },
                                        "ContainerPackingOrder": 6,
                                        "CountryOfOrigin": {
                                            "Code": ""
                                        },
                                        "DetailedDescription": "AMS BL NO:OERT201702Y00226,Contract No:,,",
                                        "EndItemNo": 0,
                                        "ExportReferenceNumber": "",
                                        "GoodsDescription": "",
                                        "HarmonisedCode": "",
                                        "Height": 0.0,
                                        "ImportReferenceNumber": "",
                                        "ItemNo": 0,
                                        "LastKnownCFSStatus": {
                                            "Code": ""
                                        },
                                        "LastKnownCFSStatusDate": "",
                                        "Length": 0.0,
                                        "LengthUnit": {
                                            "Code": "IN",
                                            "Description": "Inches"
                                        },
                                        "LinePrice": 0.0,
                                        "Link": 1,
                                        "LoadingMeters": 0.0,
                                        "MarksAndNos": "",
                                        "OutturnComment": "",
                                        "OutturnDamagedQty": 0,
                                        "OutturnedHeight": 0.0,
                                        "OutturnedLength": 0.0,
                                        "OutturnedVolume": 0.0,
                                        "OutturnedWeight": 0.0,
                                        "OutturnedWidth": 0.0,
                                        "OutturnPillagedQty": 0,
                                        "OutturnQty": 0,
                                        "PackingLineID": "OECAST00036231",
                                        "PackQty": 64,
                                        "PackType": {
                                            "Code": "CTN",
                                            "Description": "Carton"
                                        },
                                        "ReferenceNumber": "",
                                        "RequiresTemperatureControl": false,
                                        "Volume": 4.3,
                                        "VolumeUnit": {
                                            "Code": "M3",
                                            "Description": "Cubic Meters"
                                        },
                                        "Weight": 878.0,
                                        "WeightUnit": {
                                            "Code": "KG",
                                            "Description": "Kilograms"
                                        },
                                        "Width": 0.0,
                                        "CustomizedFieldCollection": {
                                            "CustomizedField": [
                                                {
                                                    "DataType": "String",
                                                    "Key": "PO#",
                                                    "Value": ""
                                                },
                                                {
                                                    "DataType": "String",
                                                    "Key": "Line No.",
                                                    "Value": ""
                                                },
                                                {
                                                    "DataType": "String",
                                                    "Key": "Style No.",
                                                    "Value": ""
                                                },
                                                {
                                                    "DataType": "String",
                                                    "Key": "Part No.",
                                                    "Value": ""
                                                },
                                                {
                                                    "DataType": "DateTime",
                                                    "Key": "Ready Date",
                                                    "Value": ""
                                                }
                                            ]
                                        },
                                        "PackedItemCollection": {
                                            "PackedItem": []
                                        }
                                    }
                                ],
                                "Content": "COMPLETE"
                            },
                            "HblawbchargesDisplay": {
                                "Code": "NON",
                                "Description": "No Charges showing"
                            },
                            "FmctariffID": "",
                            "Cfsreference": "",
                            "HBLContainerPackModeOverride": ""
                        }
                    ]
                },
                "Oscurrency": {
                    "Code": "CNY",
                    "Description": "Chinese Yuan"
                },
                "OsexGSTVATAmount": -47.75,
                "Ostotal": -47.75,
                "OstaxTransactionsAmount": 0.0,
                "Osgstvatamount": 0.0,
                "ApaccountGroup": {
                    "Code": "AGT",
                    "Description": "AGENT"
                },
                "AraccountGroup": {
                    "Code": "AGT",
                    "Description": "AGENT"
                }
            },
            "Version": "1.1"
        }
    }
}