{
    "Xmlns": "http://www.cargowise.com/Schemas/Universal/2011/11",
    "Version": "1.1",
    "Header": {
        "SenderID": "OECSH1AST",
        "RecipientID": "CHINAGUI"
    },
    "Body": {
        "UniversalTransaction": {
            "TransactionInfo": {
                "DataContext": {
                    "DataSourceCollection": {
                        "DataSource": [
                            {
                                "Type": "AccountingInvoice",
                                "Key": "AP INV AS20250812_1/W"
                            }
                        ]
                    },
                    "ActionPurpose": {
                        "Code": "INV",
                        "Description": "Invoice"
                    },
                    "Company": {
                        "Code": "SH1",
                        "Country": {
                            "Code": "CN",
                            "Name": "China"
                        },
                        "Name": "ORIENT EXPRESS CONTAINER CO.,LTD (SH1)"
                    },
                    "DataProvider": "OECASTSH1",
                    "EnterpriseID": "OEC",
                    "EventBranch": {
                        "Code": "SH4",
                        "Name": "FOUR OFFICE"
                    },
                    "EventDepartment": {
                        "Code": "BRN",
                        "Name": "Branch"
                    },
                    "EventReference": "AP|INV|Posted",
                    "EventType": {
                        "Code": "ADD",
                        "Description": "Added a record to the system"
                    },
                    "EventUser": {
                        "Code": "ASW",
                        "Name": "Ashley Wu"
                    },
                    "ServerID": "AST",
                    "TriggerCount": 1,
                    "TriggerDate": "2025-08-12T11:19:08.747+08:00",
                    "TriggerDescription": "ADD to send AP Invoice",
                    "TriggerReference": "AP|INV|Posted",
                    "TriggerType": "Trigger",
                    "RecipientRoleCollection": {
                        "RecipientRole": [
                            {
                                "Code": "ORP",
                                "Description": "Organization Proxy"
                            }
                        ]
                    }
                },
                "Branch": {
                    "Code": "SH1",
                    "Name": "ORIENT EXPRESS CONTAINER CO.,LTD(SH1-CEP)"
                },
                "BranchAddress": {
                    "AddressType": "OFC",
                    "AdditionalAddressInformation": "ROOM I 16TH FL NO.726 WEST",
                    "Address1": "16 YAN'AN EAST ROAD",
                    "Address2": "CHANGNING DISTRICT",
                    "AddressOverride": false,
                    "AddressShortCode": "ROOM I, 16TH  FL, NO.726,",
                    "City": "SHANGHAI",
                    "CompanyName": "ORIENT EXPRESS CONTAINER CO., LTD.",
                    "Contact": "MISS WANG",
                    "Country": {
                        "Code": "CN",
                        "Name": "China"
                    },
                    "Email": "abc213@gmail.com",
                    "Fax": "",
                    "OrganizationCode": "ORIEXPPVG",
                    "Phone": "",
                    "Port": {
                        "Code": "CNSGH",
                        "Name": "Shanghai"
                    },
                    "Postcode": "200050",
                    "ScreeningStatus": {
                        "Code": "NOT",
                        "Description": "Not Screened"
                    },
                    "State": {
                        "Value": "31"
                    }
                },
                "Category": "STD",
                "CheckDrawer": "",
                "CheckNumberOrPaymentRef": "",
                "CreateTime": "2025-08-12T03:19:00",
                "CreateUser": {
                    "Value": "ASW"
                },
                "Department": {
                    "Code": "BRN",
                    "Name": "Branch"
                },
                "Description": "WI00000073",
                "DrawerBank": "",
                "DrawerBranch": "",
                "DueDate": "2025-08-12T11:18:00",
                "ExchangeRate": 1.0,
                "InvoiceTerm": "COD",
                "InvoiceTermDays": 0,
                "IsCancelled": false,
                "IsCreatedByMatchingProcess": false,
                "IsPrinted": false,
                "Job": {
                    "Type": "Job",
                    "Key": "WI00000073"
                },
                "JobInvoiceNumber": "INV2508001001",
                "Ledger": "AP",
                "LocalCurrency": {
                    "Code": "CNY",
                    "Description": "Chinese Yuan"
                },
                "LocalExVATAmount": -100.0,
                "LocalTaxTransactionsAmount": 0.0,
                "LocalTotal": -100.0,
                "LocalVATAmount": 0.0,
                "Number": "AS20250812_1/W",
                "NumberOfSupportingDocuments": 1,
                "OrganizationAddress": {
                    "AddressType": "OFC",
                    "Address1": "8FL,NO.761,GONGPING ROAD",
                    "Address2": "",
                    "AddressOverride": false,
                    "AddressShortCode": "8FL,NO.761,GONGPING ROAD",
                    "City": "SHANGHAI",
                    "CompanyName": "SHANGHAI EVER-DEVELOP INT/L LOGISTIC COMPANY",
                    "Country": {
                        "Code": "CN",
                        "Name": "China"
                    },
                    "Email": "",
                    "Fax": "",
                    "OrganizationCode": "SHAEVESHA",
                    "Phone": "",
                    "Port": {
                        "Code": "CNSGH",
                        "Name": "Shanghai"
                    },
                    "Postcode": "200050",
                    "ScreeningStatus": {
                        "Code": "NOT",
                        "Description": "Not Screened"
                    },
                    "State": {
                        "Value": ""
                    }
                },
                "OutstandingAmount": -100.0,
                "PlaceOfIssue": "SHANGHAI",
                "PostDate": "2025-08-12T11:19:00",
                "ReceiptOrDirectDebitNumber": "",
                "RequisitionDate": "2025-08-12T11:18:00",
                "RequisitionStatus": "NRM",
                "TransactionDate": "2025-08-12T11:18:00",
                "TransactionType": "INV",
                "PostingJournalCollection": {
                    "PostingJournal": [
                        {
                            "Branch": {
                                "Code": "SH1",
                                "Name": "ORIENT EXPRESS CONTAINER CO.,LTD(SH1-CEP)"
                            },
                            "ChargeCode": {
                                "Code": "DOC",
                                "ChargeType": {
                                    "Code": "MJA",
                                    "Description": "Manual Job Accrual"
                                },
                                "Clazz": {
                                    "Code": "SRV",
                                    "Description": "Service"
                                },
                                "Description": "Destination Documentation Fee"
                            },
                            "ChargeCurrency": {
                                "Code": "CNY",
                                "Description": "Chinese Yuan"
                            },
                            "ChargeExchangeRate": 1.0,
                            "ChargeTotalAmount": 100.0,
                            "ChargeTotalExVATAmount": 100.0,
                            "Department": {
                                "Code": "BRN",
                                "Name": "Branch"
                            },
                            "Description": "Destination Documentation Fee_test",
                            "IsFinalCharge": false,
                            "Job": {
                                "Type": "Job",
                                "Key": "WI00000073"
                            },
                            "LocalAmount": -100.0,
                            "LocalCurrency": {
                                "Code": "CNY",
                                "Description": "Chinese Yuan"
                            },
                            "LocalGLAccount": "5070.10.10",
                            "LocalGSTVATAmount": 0.0,
                            "LocalTotalAmount": -100.0,
                            "Organization": {
                                "Type": "Organization",
                                "Key": "SHAEVESHA"
                            },
                            "RevenueRecognitionType": "FAR",
                            "Sequence": 1,
                            "TaxDate": "2025-08-12",
                            "TransactionCategory": "STD",
                            "TransactionType": "CST",
                            "PostingJournalDetailCollection": {
                                "PostingJournalDetail": [
                                    {
                                        "CreditGLAccount": {
                                            "AccountCode": "2110.00.00",
                                            "Description": "Accounts Payable Control",
                                            "LocalComplianceAccountCode": "2110.00.00",
                                            "LocalComplianceAccountDescription": "ACCOUNTS PAYABLE CONTROL"
                                        },
                                        "DebitGLAccount": {
                                            "AccountCode": "2111.00.00",
                                            "Description": "Cost Suspense Control Account",
                                            "LocalComplianceAccountCode": "2111.00.00",
                                            "LocalComplianceAccountDescription": "COST SUSPENSE CONTROL ACCOUNT"
                                        },
                                        "PostingAmount": 100.0,
                                        "PostingCurrency": {
                                            "Code": "CNY",
                                            "Description": "Chinese Yuan"
                                        },
                                        "PostingDate": "2025-08-12T11:19:00",
                                        "PostingPeriod": 202508
                                    }
                                ]
                            },
                            "Glaccount": {
                                "AccountCode": "5070.10.10",
                                "Description": "Handling Costs Actual",
                                "LocalComplianceAccountCode": "5070.10.10",
                                "LocalComplianceAccountDescription": "HANDLING COSTS ACTUAL"
                            },
                            "GlpostDate": "2025-08-12T11:19:00",
                            "Oscurrency": {
                                "Code": "CNY",
                                "Description": "Chinese Yuan"
                            },
                            "Osgstvatamount": 0.0,
                            "OstotalAmount": -100.0,
                            "VattaxID": {
                                "TaxCode": "FREEVAT",
                                "Description": "Zero Rated",
                                "TaxRate": 0,
                                "TaxType": {
                                    "Code": "RAT"
                                }
                            },
                            "Osamount": -100.0
                        }
                    ]
                },
                "MessageNumberCollection": {
                    "MessageNumber": [
                        {
                            "Value": "3fff600e-3229-4520-abb3-97658b958f69",
                            "Type": "TRACKING_ID"
                        },
                        {
                            "Value": "00000000000000561281",
                            "Type": "INTERCHANGE_NUMBER"
                        },
                        {
                            "Value": "00000000000000562375",
                            "Type": "MESSAGE_NUMBER"
                        }
                    ]
                },
                "Oscurrency": {
                    "Code": "CNY",
                    "Description": "Chinese Yuan"
                },
                "OsexGSTVATAmount": -100.0,
                "Osgstvatamount": 0.0,
                "OstaxTransactionsAmount": 0.0,
                "Ostotal": -100.0,
                "ApaccountGroup": {
                    "Code": "CLD",
                    "Description": "CO-LOADER"
                },
                "AraccountGroup": {
                    "Code": "CLR",
                    "Description": "CO-LOADER"
                }
            },
            "Version": "1.1"
        }
    }
}