{
    "Xmlns": "http://www.cargowise.com/Schemas/Universal/2011/11",
    "Version": "1.1",
    "Header": {
        "SenderID": "OECSH1AST",
        "RecipientID": "CHINAGUI"
    },
    "Body": {
        "UniversalTransaction": {
            "TransactionInfo": {
                "DataContext": {
                    "DataSourceCollection": {
                        "DataSource": [
                            {
                                "Type": "AccountingInvoice",
                                "Key": "AP INV AS20250814_2/T"
                            }
                        ]
                    },
                    "ActionPurpose": {
                        "Code": "INV",
                        "Description": "Invoice"
                    },
                    "Company": {
                        "Code": "SH1",
                        "Country": {
                            "Code": "CN",
                            "Name": "China"
                        },
                        "Name": "ORIENT EXPRESS CONTAINER CO.,LTD (SH1)"
                    },
                    "DataProvider": "OECASTSH1",
                    "EnterpriseID": "OEC",
                    "EventBranch": {
                        "Code": "SH4",
                        "Name": "FOUR OFFICE"
                    },
                    "EventDepartment": {
                        "Code": "BRN",
                        "Name": "Branch"
                    },
                    "EventReference": "AP|INV|Posted",
                    "EventType": {
                        "Code": "ADD",
                        "Description": "Added a record to the system"
                    },
                    "EventUser": {
                        "Code": "ASW",
                        "Name": "Ashley Wu"
                    },
                    "ServerID": "AST",
                    "TriggerCount": 1,
                    "TriggerDate": "2025-08-14T16:47:07.430+08:00",
                    "TriggerDescription": "ADD to send AP Invoice",
                    "TriggerReference": "AP|INV|Posted",
                    "TriggerType": "Trigger",
                    "RecipientRoleCollection": {
                        "RecipientRole": [
                            {
                                "Code": "ORP",
                                "Description": "Organization Proxy"
                            }
                        ]
                    }
                },
                "Branch": {
                    "Code": "SH1",
                    "Name": "ORIENT EXPRESS CONTAINER CO.,LTD(SH1-CEP)"
                },
                "BranchAddress": {
                    "AddressType": "OFC",
                    "AdditionalAddressInformation": "ROOM I 16TH FL NO.726 WEST",
                    "Address1": "16 YAN'AN EAST ROAD",
                    "Address2": "CHANGNING DISTRICT",
                    "AddressOverride": false,
                    "AddressShortCode": "ROOM I, 16TH  FL, NO.726,",
                    "City": "SHANGHAI",
                    "CompanyName": "ORIENT EXPRESS CONTAINER CO., LTD.",
                    "Contact": "MISS WANG",
                    "Country": {
                        "Code": "CN",
                        "Name": "China"
                    },
                    "Email": "abc213@gmail.com",
                    "Fax": "",
                    "OrganizationCode": "ORIEXPPVG",
                    "Phone": "",
                    "Port": {
                        "Code": "CNSGH",
                        "Name": "Shanghai"
                    },
                    "Postcode": "200050",
                    "ScreeningStatus": {
                        "Code": "NOT",
                        "Description": "Not Screened"
                    },
                    "State": {
                        "Value": "31"
                    }
                },
                "Category": "STD",
                "CheckDrawer": "",
                "CheckNumberOrPaymentRef": "ASHLEY",
                "CreateTime": "2025-08-14T08:49:00",
                "CreateUser": {
                    "Value": "ASW"
                },
                "Department": {
                    "Code": "BRN",
                    "Name": "Branch"
                },
                "Description": "AP INVOICE",
                "DrawerBank": "",
                "DrawerBranch": "",
                "DueDate": "2025-08-14T00:00:00",
                "ExchangeRate": 1.0,
                "InvoiceTerm": "COD",
                "InvoiceTermDays": 0,
                "IsCancelled": false,
                "IsCreatedByMatchingProcess": false,
                "IsPrinted": false,
                "Job": {
                    "Type": "Job"
                },
                "JobInvoiceNumber": "INV2508001008",
                "Ledger": "AP",
                "LocalCurrency": {
                    "Code": "CNY",
                    "Description": "Chinese Yuan"
                },
                "LocalExVATAmount": -100.0,
                "LocalTaxTransactionsAmount": 0.0,
                "LocalTotal": -100.0,
                "LocalVATAmount": 0.0,
                "Number": "AS20250814_2/T",
                "NumberOfSupportingDocuments": 1,
                "OrganizationAddress": {
                    "AddressType": "OFC",
                    "Address1": "ONE CROSS ISLAND PLAZA",
                    "Address2": "13333 BROOKVILLE BLVD STE 306",
                    "AddressOverride": false,
                    "AddressShortCode": "13333 BROOKVILLE BLVD STE",
                    "City": "ROSEDALE",
                    "CompanyName": "OEC FREIGHT (NY), INC.",
                    "Contact": "FREIGHT RELEASE",
                    "Country": {
                        "Code": "US",
                        "Name": "United States"
                    },
                    "Email": "release.jfk@oecgroup.com",
                    "Fax": "",
                    "OrganizationCode": "OECGRPNYC",
                    "Phone": "",
                    "Port": {
                        "Code": "USRDQ",
                        "Name": "Rosedale"
                    },
                    "Postcode": "11422",
                    "ScreeningStatus": {
                        "Code": "UNK",
                        "Description": "Unknown"
                    },
                    "State": {
                        "Value": "NY"
                    },
                    "RegistrationNumberCollection": {
                        "RegistrationNumber": [
                            {
                                "Type": {
                                    "Code": "EIN"
                                },
                                "CountryOfIssue": {
                                    "Code": "US",
                                    "Name": "United States"
                                },
                                "Value": "11-338330200"
                            },
                            {
                                "Type": {
                                    "Code": "LSC"
                                },
                                "CountryOfIssue": {
                                    "Code": "BL",
                                    "Name": "Saint Barthélemy"
                                },
                                "Value": "BILLINGCODE-702"
                            },
                            {
                                "Type": {
                                    "Code": "LSC"
                                },
                                "CountryOfIssue": {
                                    "Code": "TW",
                                    "Name": "Taiwan"
                                },
                                "Value": "AGENTCODE-JFK"
                            },
                            {
                                "Type": {
                                    "Code": "LSC"
                                },
                                "CountryOfIssue": {
                                    "Code": "SA",
                                    "Name": "Saudi Arabia"
                                },
                                "Value": "FMSSEAID-66"
                            },
                            {
                                "Type": {
                                    "Code": "C1C"
                                },
                                "CountryOfIssue": {
                                    "Code": "US",
                                    "Name": "United States"
                                },
                                "Value": "C1SB"
                            },
                            {
                                "Type": {
                                    "Code": "CCC"
                                },
                                "CountryOfIssue": {
                                    "Code": "US",
                                    "Name": "United States"
                                },
                                "Value": "SMLU"
                            },
                            {
                                "Type": {
                                    "Code": "STR"
                                },
                                "CountryOfIssue": {
                                    "Code": "UZ",
                                    "Name": "Uzbekistan"
                                },
                                "Value": "test123"
                            },
                            {
                                "Type": {
                                    "Code": "UOC"
                                },
                                "CountryOfIssue": {
                                    "Code": "US",
                                    "Name": "United States"
                                },
                                "Value": "702"
                            }
                        ]
                    }
                },
                "OutstandingAmount": -100.0,
                "PlaceOfIssue": "SHANGHAI",
                "PostDate": "2025-08-14T16:47:00",
                "ReceiptOrDirectDebitNumber": "",
                "RequisitionDate": "2025-08-14T00:00:00",
                "RequisitionStatus": "NRM",
                "TransactionDate": "2025-08-14T00:00:00",
                "TransactionType": "INV",
                "PostingJournalCollection": {
                    "PostingJournal": [
                        {
                            "Branch": {
                                "Code": "SH1",
                                "Name": "ORIENT EXPRESS CONTAINER CO.,LTD(SH1-CEP)"
                            },
                            "Department": {
                                "Code": "BRN",
                                "Name": "Branch"
                            },
                            "Description": "Prepaid Federal Income Taxes",
                            "IsFinalCharge": false,
                            "Job": {
                                "Type": "Job"
                            },
                            "LocalAmount": -100.0,
                            "LocalCurrency": {
                                "Code": "CNY",
                                "Description": "Chinese Yuan"
                            },
                            "LocalGSTVATAmount": 0.0,
                            "LocalTotalAmount": -100.0,
                            "Organization": {
                                "Type": "Organization",
                                "Key": "OECGRPNYC"
                            },
                            "RevenueRecognitionType": "IMM",
                            "Sequence": 1,
                            "TaxDate": "2025-08-14",
                            "TransactionCategory": "STD",
                            "TransactionType": "CST",
                            "PostingJournalDetailCollection": {
                                "PostingJournalDetail": [
                                    {
                                        "CreditGLAccount": {
                                            "AccountCode": "2110.00.00",
                                            "Description": "Accounts Payable Control",
                                            "LocalComplianceAccountCode": "2110.00.00",
                                            "LocalComplianceAccountDescription": "ACCOUNTS PAYABLE CONTROL"
                                        },
                                        "DebitGLAccount": {
                                            "AccountCode": "2111.00.00",
                                            "Description": "Cost Suspense Control Account",
                                            "LocalComplianceAccountCode": "2111.00.00",
                                            "LocalComplianceAccountDescription": "COST SUSPENSE CONTROL ACCOUNT"
                                        },
                                        "PostingAmount": 100.0,
                                        "PostingCurrency": {
                                            "Code": "CNY",
                                            "Description": "Chinese Yuan"
                                        },
                                        "PostingDate": "2025-08-14T16:47:00",
                                        "PostingPeriod": 202508
                                    },
                                    {
                                        "CreditGLAccount": {
                                            "AccountCode": "2111.00.00",
                                            "Description": "Cost Suspense Control Account",
                                            "LocalComplianceAccountCode": "2111.00.00",
                                            "LocalComplianceAccountDescription": "COST SUSPENSE CONTROL ACCOUNT"
                                        },
                                        "DebitGLAccount": {
                                            "AccountCode": "1310.10.00",
                                            "Description": "Prepaid Federal Income Taxes"
                                        },
                                        "PostingAmount": 100.0,
                                        "PostingCurrency": {
                                            "Code": "CNY",
                                            "Description": "Chinese Yuan"
                                        },
                                        "PostingDate": "2025-08-14T16:47:00",
                                        "PostingPeriod": 202508
                                    }
                                ]
                            },
                            "VattaxID": {
                                "TaxCode": "FREEVAT",
                                "Description": "Zero Rated",
                                "TaxRate": 0,
                                "TaxType": {
                                    "Code": "RAT"
                                }
                            },
                            "Glaccount": {
                                "AccountCode": "1310.10.00",
                                "Description": "Prepaid Federal Income Taxes"
                            },
                            "GlpostDate": "2025-08-14T16:47:00",
                            "OstotalAmount": -100.0,
                            "Osamount": -100.0,
                            "Oscurrency": {
                                "Code": "CNY",
                                "Description": "Chinese Yuan"
                            },
                            "Osgstvatamount": 0.0
                        }
                    ]
                },
                "MessageNumberCollection": {
                    "MessageNumber": [
                        {
                            "Value": "0bc2245c-df46-4627-9e8f-37a4d755af20",
                            "Type": "TRACKING_ID"
                        },
                        {
                            "Value": "00000000000000561500",
                            "Type": "INTERCHANGE_NUMBER"
                        },
                        {
                            "Value": "00000000000000562594",
                            "Type": "MESSAGE_NUMBER"
                        }
                    ]
                },
                "ApaccountGroup": {
                    "Code": "CLD",
                    "Description": "CO-LOADER"
                },
                "AraccountGroup": {
                    "Code": "CLR",
                    "Description": "CO-LOADER"
                },
                "Oscurrency": {
                    "Code": "CNY",
                    "Description": "Chinese Yuan"
                },
                "OsexGSTVATAmount": -100.0,
                "Osgstvatamount": 0.0,
                "OstaxTransactionsAmount": 0.0,
                "Ostotal": -100.0
            },
            "Version": "1.1"
        }
    }
}