{
	"Xmlns": "http://www.cargowise.com/Schemas/Universal/2011/11",
	"Version": "1.1",
	"Header": {
		"SenderID": "OECSH1AST",
		"RecipientID": "CHINAGUI"
	},
	"Body": {
		"UniversalTransactionBatch": {
			"TransactionBatch": {
				"DataContext": {
					"DataSourceCollection": {
						"DataSource": [
							{
								"Type": "AccountingPayment",
								"Key": "AP PAY PAY2510001004"
							}
						]
					},
					"ActionPurpose": {
						"Code": "INV",
						"Description": "Invoice"
					},
					"Company": {
						"Code": "SH1",
						"Country": {
							"Code": "CN",
							"Name": "China"
						},
						"Name": "ORIENT EXPRESS CONTAINER CO.,LTD (SH1)"
					},
					"DataProvider": "OECASTSH1",
					"EnterpriseID": "OEC",
					"EventBranch": {
						"Code": "SH1",
						"Name": "ORIENT EXPRESS CONTAINER CO.,LTD(SH1-CEP)"
					},
					"EventDepartment": {
						"Code": "FES",
						"Name": "Forwarding Export Sea"
					},
					"EventType": {
						"Code": "ADD",
						"Description": "Added a record to the system"
					},
					"EventUser": {
						"Code": "LCN",
						"Name": "Lydia Chen"
					},
					"ServerID": "AST",
					"TriggerCount": 1,
					"TriggerDate": "2025-10-15T14:41:42.037+08:00",
					"TriggerDescription": "export data",
					"TriggerType": "Trigger",
					"RecipientRoleCollection": {
						"RecipientRole": [
							{
								"Code": "ORP",
								"Description": "Organization Proxy"
							}
						]
					}
				},
				"MessageNumberCollection": {
					"MessageNumber": [
						{
							"Value": "01f23d6f-bcd2-49de-a152-7e493bf78510",
							"Type": "TRACKING_ID"
						},
						{
							"Value": "00000000000000567780",
							"Type": "INTERCHANGE_NUMBER"
						},
						{
							"Value": "00000000000000568764",
							"Type": "MESSAGE_NUMBER"
						}
					]
				},
				"TransactionCollection": {
					"Transaction": [
						{
							"DataContext": {
								"DataSourceCollection": {
									"DataSource": [
										{
											"Type": "AccountingPayment",
											"Key": "AP PAY PAY2510001004"
										}
									]
								},
								"Company": {
									"Code": "SH1",
									"Country": {
										"Code": "CN",
										"Name": "China"
									},
									"Name": "ORIENT EXPRESS CONTAINER CO.,LTD (SH1)"
								},
								"DataProvider": "OECASTSH1",
								"EnterpriseID": "OEC",
								"ServerID": "AST"
							},
							"BankAccount": "SH1USD01",
							"Branch": {
								"Code": "SH1",
								"Name": "ORIENT EXPRESS CONTAINER CO.,LTD(SH1-CEP)"
							},
							"BranchAddress": {
								"AddressType": "OFC",
								"AdditionalAddressInformation": "ROOM I 16TH FL NO.726 WEST",
								"Address1": "16 YAN'AN EAST ROAD",
								"Address2": "CHANGNING DISTRICT",
								"AddressOverride": false,
								"AddressShortCode": "ROOM I, 16TH  FL, NO.726,",
								"City": "SHANGHAI",
								"CompanyName": "ORIENT EXPRESS CONTAINER CO., LTD.",
								"Contact": "MISS WANG",
								"Country": {
									"Code": "CN",
									"Name": "China"
								},
								"Email": "abc213@gmail.com",
								"Fax": "",
								"OrganizationCode": "ORIEXPPVG",
								"Phone": "",
								"Port": {
									"Code": "CNSGH",
									"Name": "Shanghai"
								},
								"Postcode": "200050",
								"ScreeningStatus": {
									"Code": "NOT",
									"Description": "Not Screened"
								},
								"State": {
									"Value": "31"
								}
							},
							"CancelReason": {
								"Code": "CSH"
							},
							"Category": "",
							"CheckBookCode": "",
							"CheckDrawer": "",
							"CheckNumberOrPaymentRef": "MSH12509260003",
							"CreateTime": "2025-10-15T06:41:00",
							"CreateUser": {
								"Value": "LCN"
							},
							"Department": {
								"Code": "BRN",
								"Name": "Branch"
							},
							"Description": "REVERSAL RELATED TO PAY2509001001 - IAM - Incorrect Amounts Entered By OEC.Lydia.Chen",
							"DrawerBank": "",
							"DrawerBranch": "",
							"DueDate": "2025-10-15T14:41:00",
							"ExchangeRate": 7.1913,
							"FullyPaidDate": "2025-10-15T14:41:00",
							"InvoiceTermDays": 0,
							"IsCancelled": true,
							"IsCreatedByMatchingProcess": false,
							"IsPrinted": false,
							"Job": {
								"Type": "Job"
							},
							"JobInvoiceNumber": "",
							"Ledger": "AP",
							"LocalCurrency": {
								"Code": "CNY",
								"Description": "Chinese Yuan"
							},
							"LocalExVATAmount": -719.13,
							"LocalTaxTransactionsAmount": 0.0,
							"LocalTotal": -719.13,
							"LocalVATAmount": 0.0,
							"MatchStatus": {
								"Code": "UAC",
								"Description": "Unallocated"
							},
							"MatchStatusReason": {
								"Code": "ADV",
								"Description": "Receipt/Payment in advance"
							},
							"Number": "PAY2510001004",
							"NumberOfSupportingDocuments": 1,
							"OrganizationAddress": {
								"AddressType": "OFC",
								"Address1": "深圳市福田区车公庙绿景纪元大厦12层",
								"Address2": "",
								"AddressOverride": false,
								"AddressShortCode": "深圳市福田区车公庙绿景纪元大厦12层",
								"City": "Shenzhen",
								"CompanyName": "星以分运通运股份有限公司",
								"Contact": "JOHN",
								"Country": {
									"Code": "CN",
									"Name": "China"
								},
								"Email": "123@QA.COM",
								"Fax": "",
								"OrganizationCode": "MEISINYTN",
								"Phone": "+861012345678",
								"Port": {
									"Code": ""
								},
								"Postcode": "",
								"ScreeningStatus": {
									"Code": "UNK",
									"Description": "Unknown"
								},
								"State": {
									"Value": ""
								},
								"RegistrationNumberCollection": {
									"RegistrationNumber": [
										{
											"Type": {
												"Code": "VAT"
											},
											"CountryOfIssue": {
												"Code": "CN",
												"Name": "China"
											},
											"Value": "23118099"
										}
									]
								}
							},
							"OutstandingAmount": 0.0,
							"PaymentOrReceiptType": "CSH",
							"PlaceOfIssue": "SHANGHAI",
							"PostDate": "2025-10-15T14:41:00",
							"ReceiptOrDirectDebitNumber": "",
							"RequisitionStatus": "",
							"TransactionDate": "2025-10-15T14:41:00",
							"TransactionType": "PAY",
							"PostingJournalCollection": {
								"PostingJournal": [
									{
										"Branch": {
											"Code": "SH1",
											"Name": "ORIENT EXPRESS CONTAINER CO.,LTD(SH1-CEP)"
										},
										"Department": {
											"Code": "BRN",
											"Name": "Branch"
										},
										"Description": "REVERSAL RELATED TO PAY2509001001 - IAM - Incorrect Amounts Entered By OEC.Lydia.Chen",
										"Job": {
											"Type": "Job"
										},
										"LocalAmount": -719.13,
										"LocalCurrency": {
											"Code": "CNY",
											"Description": "Chinese Yuan"
										},
										"LocalGSTVATAmount": 0.0,
										"LocalTotalAmount": -719.13,
										"Organization": {
											"Type": "Organization",
											"Key": "MEISINYTN"
										},
										"TransactionCategory": "",
										"TransactionType": "PAY",
										"PostingJournalDetailCollection": {
											"PostingJournalDetail": [
												{
													"CreditGLAccount": {
														"AccountCode": "2110.00.00",
														"Description": "Accounts Payable Control",
														"LocalComplianceAccountCode": "2110.00.00",
														"LocalComplianceAccountDescription": "ACCOUNTS PAYABLE CONTROL"
													},
													"DebitGLAccount": {
														"AccountCode": "1108.90.03",
														"Description": "TRN-Cash At Bank - USD1",
														"LocalComplianceAccountCode": "1108.90.03",
														"LocalComplianceAccountDescription": "上海银行账户(美金)"
													},
													"PostingAmount": 719.13,
													"PostingCurrency": {
														"Code": "CNY",
														"Description": "Chinese Yuan"
													},
													"PostingDate": "2025-10-15T14:41:00",
													"PostingPeriod": 202510
												}
											]
										},
										"Osamount": -100.0,
										"Oscurrency": {
											"Code": "USD",
											"Description": "United States Dollar"
										},
										"Osgstvatamount": 0.0,
										"GlpostDate": "2025-10-15T14:41:00",
										"OstotalAmount": -100.0
									}
								]
							},
							"MatchLineCollection": {
								"MatchLine": [
									{
										"MatchDate": "2025-10-15",
										"MatchGroupNumber": "M00002069",
										"OrganizationAddress": {
											"AddressType": "OFC",
											"Address1": "深圳市福田区车公庙绿景纪元大厦12层",
											"Address2": "",
											"AddressOverride": false,
											"AddressShortCode": "深圳市福田区车公庙绿景纪元大厦12层",
											"City": "Shenzhen",
											"CompanyName": "星以分运通运股份有限公司",
											"Contact": "JOHN",
											"Country": {
												"Code": "CN",
												"Name": "China"
											},
											"Email": "123@QA.COM",
											"Fax": "",
											"OrganizationCode": "MEISINYTN",
											"Phone": "+861012345678",
											"Port": {
												"Code": ""
											},
											"Postcode": "",
											"ScreeningStatus": {
												"Code": "UNK",
												"Description": "Unknown"
											},
											"State": {
												"Value": ""
											},
											"RegistrationNumberCollection": {
												"RegistrationNumber": [
													{
														"Type": {
															"Code": "VAT"
														},
														"CountryOfIssue": {
															"Code": "CN",
															"Name": "China"
														},
														"Value": "23118099"
													}
												]
											}
										},
										"LinkedTransactionIDCollection": {
											"LinkedTransactionID": [
												{
													"Key": "AP PAY PAY2509001001",
													"Type": "AccountingPayment"
												}
											]
										},
										"OspaidAmount": 100
									}
								]
							},
							"ApaccountGroup": {
								"Code": "AGT",
								"Description": "AGENT"
							},
							"AraccountGroup": {
								"Code": "AGT",
								"Description": "AGENT"
							},
							"Oscurrency": {
								"Code": "USD",
								"Description": "United States Dollar"
							},
							"OsexGSTVATAmount": -100.0,
							"Osgstvatamount": 0.0,
							"OstaxTransactionsAmount": 0.0,
							"Ostotal": -100.0
						},
						{
							"DataContext": {
								"DataSourceCollection": {
									"DataSource": [
										{
											"Type": "AccountingPayment",
											"Key": "AP PAY PAY2509001001"
										}
									]
								},
								"Company": {
									"Code": "SH1",
									"Country": {
										"Code": "CN",
										"Name": "China"
									},
									"Name": "ORIENT EXPRESS CONTAINER CO.,LTD (SH1)"
								},
								"DataProvider": "OECASTSH1",
								"EnterpriseID": "OEC",
								"ServerID": "AST"
							},
							"BankAccount": "SH1USD01",
							"Branch": {
								"Code": "SH1",
								"Name": "ORIENT EXPRESS CONTAINER CO.,LTD(SH1-CEP)"
							},
							"BranchAddress": {
								"AddressType": "OFC",
								"AdditionalAddressInformation": "ROOM I 16TH FL NO.726 WEST",
								"Address1": "16 YAN'AN EAST ROAD",
								"Address2": "CHANGNING DISTRICT",
								"AddressOverride": false,
								"AddressShortCode": "ROOM I, 16TH  FL, NO.726,",
								"City": "SHANGHAI",
								"CompanyName": "ORIENT EXPRESS CONTAINER CO., LTD.",
								"Contact": "MISS WANG",
								"Country": {
									"Code": "CN",
									"Name": "China"
								},
								"Email": "abc213@gmail.com",
								"Fax": "",
								"OrganizationCode": "ORIEXPPVG",
								"Phone": "",
								"Port": {
									"Code": "CNSGH",
									"Name": "Shanghai"
								},
								"Postcode": "200050",
								"ScreeningStatus": {
									"Code": "NOT",
									"Description": "Not Screened"
								},
								"State": {
									"Value": "31"
								}
							},
							"CancelReason": {
								"Code": "CSH"
							},
							"Category": "",
							"CheckBookCode": "",
							"CheckDrawer": "",
							"CheckNumberOrPaymentRef": "MSH12509260003",
							"CreateTime": "2025-09-26T01:49:00",
							"CreateUser": {
								"Value": "~AD"
							},
							"Department": {
								"Code": "BRN",
								"Name": "Branch"
							},
							"Description": "SOPL Match No:MSH12509260003",
							"DrawerBank": "",
							"DrawerBranch": "",
							"ExchangeRate": 7.1913,
							"FullyPaidDate": "2025-10-15T14:41:00",
							"InvoiceTermDays": 0,
							"IsCancelled": true,
							"IsCreatedByMatchingProcess": false,
							"IsPrinted": false,
							"Job": {
								"Type": "Job"
							},
							"JobInvoiceNumber": "",
							"Ledger": "AP",
							"LocalCurrency": {
								"Code": "CNY",
								"Description": "Chinese Yuan"
							},
							"LocalExVATAmount": 719.13,
							"LocalTaxTransactionsAmount": 0.0,
							"LocalTotal": 719.13,
							"LocalVATAmount": 0.0,
							"Number": "PAY2509001001",
							"NumberOfSupportingDocuments": 1,
							"OrganizationAddress": {
								"AddressType": "OFC",
								"Address1": "深圳市福田区车公庙绿景纪元大厦12层",
								"Address2": "",
								"AddressOverride": false,
								"AddressShortCode": "深圳市福田区车公庙绿景纪元大厦12层",
								"City": "Shenzhen",
								"CompanyName": "星以分运通运股份有限公司",
								"Contact": "JOHN",
								"Country": {
									"Code": "CN",
									"Name": "China"
								},
								"Email": "123@QA.COM",
								"Fax": "",
								"OrganizationCode": "MEISINYTN",
								"Phone": "+861012345678",
								"Port": {
									"Code": ""
								},
								"Postcode": "",
								"ScreeningStatus": {
									"Code": "UNK",
									"Description": "Unknown"
								},
								"State": {
									"Value": ""
								},
								"RegistrationNumberCollection": {
									"RegistrationNumber": [
										{
											"Type": {
												"Code": "VAT"
											},
											"CountryOfIssue": {
												"Code": "CN",
												"Name": "China"
											},
											"Value": "23118099"
										}
									]
								}
							},
							"OutstandingAmount": 0.0,
							"PaymentOrReceiptType": "CSH",
							"PlaceOfIssue": "SHANGHAI",
							"PostDate": "2025-09-26T00:00:00",
							"ReceiptOrDirectDebitNumber": "",
							"RequisitionStatus": "",
							"TransactionDate": "2025-09-26T00:00:00",
							"TransactionType": "PAY",
							"PostingJournalCollection": {
								"PostingJournal": [
									{
										"Branch": {
											"Code": "SH1",
											"Name": "ORIENT EXPRESS CONTAINER CO.,LTD(SH1-CEP)"
										},
										"Department": {
											"Code": "BRN",
											"Name": "Branch"
										},
										"Description": "SOPL Match No:MSH12509260003",
										"Job": {
											"Type": "Job"
										},
										"LocalAmount": 719.13,
										"LocalCurrency": {
											"Code": "CNY",
											"Description": "Chinese Yuan"
										},
										"LocalGSTVATAmount": 0.0,
										"LocalTotalAmount": 719.13,
										"Organization": {
											"Type": "Organization",
											"Key": "MEISINYTN"
										},
										"TransactionCategory": "",
										"TransactionType": "PAY",
										"PostingJournalDetailCollection": {
											"PostingJournalDetail": [
												{
													"CreditGLAccount": {
														"AccountCode": "1108.90.03",
														"Description": "TRN-Cash At Bank - USD1",
														"LocalComplianceAccountCode": "1108.90.03",
														"LocalComplianceAccountDescription": "上海银行账户(美金)"
													},
													"DebitGLAccount": {
														"AccountCode": "2110.00.00",
														"Description": "Accounts Payable Control",
														"LocalComplianceAccountCode": "2110.00.00",
														"LocalComplianceAccountDescription": "ACCOUNTS PAYABLE CONTROL"
													},
													"PostingAmount": 719.13,
													"PostingCurrency": {
														"Code": "CNY",
														"Description": "Chinese Yuan"
													},
													"PostingDate": "2025-09-26T00:00:00",
													"PostingPeriod": 202509
												}
											]
										},
										"Osamount": 100.0,
										"Oscurrency": {
											"Code": "USD",
											"Description": "United States Dollar"
										},
										"Osgstvatamount": 0.0,
										"GlpostDate": "2025-09-26T00:00:00",
										"OstotalAmount": 100.0
									}
								]
							},
							"ApaccountGroup": {
								"Code": "AGT",
								"Description": "AGENT"
							},
							"AraccountGroup": {
								"Code": "AGT",
								"Description": "AGENT"
							},
							"Oscurrency": {
								"Code": "USD",
								"Description": "United States Dollar"
							},
							"OsexGSTVATAmount": 100.0,
							"Osgstvatamount": 0.0,
							"OstaxTransactionsAmount": 0.0,
							"Ostotal": 100.0
						}
					]
				}
			},
			"Version": "1.1"
		}
	}
}