{
    "Xmlns": "http://www.cargowise.com/Schemas/Universal/2011/11",
    "Version": "1.1",
    "Header": {
        "SenderID": "OECSH1AST",
        "RecipientID": "CHINAGUI"
    },
    "Body": {
        "UniversalTransactionBatch": {
            "TransactionBatch": {
                "DataContext": {
                    "DataSourceCollection": {
                        "DataSource": [
                            {
                                "Type": "AccountingPayment",
                                "Key": "AP PAY PAY2510001001"
                            }
                        ]
                    },
                    "ActionPurpose": {
                        "Code": "INV",
                        "Description": "Invoice"
                    },
                    "Company": {
                        "Code": "SH1",
                        "Country": {
                            "Code": "CN",
                            "Name": "China"
                        },
                        "Name": "ORIENT EXPRESS CONTAINER CO.,LTD (SH1)"
                    },
                    "DataProvider": "OECASTSH1",
                    "EnterpriseID": "OEC",
                    "EventBranch": {
                        "Code": "SH1",
                        "Name": "ORIENT EXPRESS CONTAINER CO.,LTD(SH1-CEP)"
                    },
                    "EventDepartment": {
                        "Code": "FES",
                        "Name": "Forwarding Export Sea"
                    },
                    "EventType": {
                        "Code": "EDT",
                        "Description": "Edited a record"
                    },
                    "EventUser": {
                        "Code": "LCN",
                        "Name": "Lydia Chen"
                    },
                    "ServerID": "AST",
                    "TriggerCount": 1,
                    "TriggerDate": "2025-10-14T13:48:02.457+08:00",
                    "TriggerDescription": "export data",
                    "TriggerType": "Trigger",
                    "RecipientRoleCollection": {
                        "RecipientRole": [
                            {
                                "Code": "ORP",
                                "Description": "Organization Proxy"
                            }
                        ]
                    }
                },
                "MessageNumberCollection": {
                    "MessageNumber": [
                        {
                            "Value": "285cdbcf-f8c2-4257-aba8-3817883d253e",
                            "Type": "TRACKING_ID"
                        },
                        {
                            "Value": "00000000000000567576",
                            "Type": "INTERCHANGE_NUMBER"
                        },
                        {
                            "Value": "00000000000000568560",
                            "Type": "MESSAGE_NUMBER"
                        }
                    ]
                },
                "TransactionCollection": {
                    "Transaction": [
                        {
                            "DataContext": {
                                "DataSourceCollection": {
                                    "DataSource": [
                                        {
                                            "Type": "AccountingPayment",
                                            "Key": "AP PAY PAY2510001001"
                                        }
                                    ]
                                },
                                "Company": {
                                    "Code": "SH1",
                                    "Country": {
                                        "Code": "CN",
                                        "Name": "China"
                                    },
                                    "Name": "ORIENT EXPRESS CONTAINER CO.,LTD (SH1)"
                                },
                                "DataProvider": "OECASTSH1",
                                "EnterpriseID": "OEC",
                                "ServerID": "AST"
                            },
                            "BankAccount": "811",
                            "Branch": {
                                "Code": "SH1",
                                "Name": "ORIENT EXPRESS CONTAINER CO.,LTD(SH1-CEP)"
                            },
                            "BranchAddress": {
                                "AddressType": "OFC",
                                "AdditionalAddressInformation": "ROOM I 16TH FL NO.726 WEST",
                                "Address1": "16 YAN'AN EAST ROAD",
                                "Address2": "CHANGNING DISTRICT",
                                "AddressOverride": false,
                                "AddressShortCode": "ROOM I, 16TH  FL, NO.726,",
                                "City": "SHANGHAI",
                                "CompanyName": "ORIENT EXPRESS CONTAINER CO., LTD.",
                                "Contact": "MISS WANG",
                                "Country": {
                                    "Code": "CN",
                                    "Name": "China"
                                },
                                "Email": "abc213@gmail.com",
                                "Fax": "",
                                "OrganizationCode": "ORIEXPPVG",
                                "Phone": "",
                                "Port": {
                                    "Code": "CNSGH",
                                    "Name": "Shanghai"
                                },
                                "Postcode": "200050",
                                "ScreeningStatus": {
                                    "Code": "NOT",
                                    "Description": "Not Screened"
                                },
                                "State": {
                                    "Value": "31"
                                }
                            },
                            "Category": "",
                            "CheckBookCode": "",
                            "CheckDrawer": "",
                            "CheckNumberOrPaymentRef": "MSH12510130001",
                            "CreateTime": "2025-10-13T07:43:00",
                            "CreateUser": {
                                "Value": "~AD"
                            },
                            "Department": {
                                "Code": "BRN",
                                "Name": "Branch"
                            },
                            "Description": "SOPL Match No:MSH12510130001",
                            "DrawerBank": "",
                            "DrawerBranch": "",
                            "ExchangeRate": 1.0,
                            "InvoiceTermDays": 0,
                            "IsCancelled": false,
                            "IsCreatedByMatchingProcess": false,
                            "IsPrinted": false,
                            "Job": {
                                "Type": "Job"
                            },
                            "JobInvoiceNumber": "",
                            "Ledger": "AP",
                            "LocalCurrency": {
                                "Code": "CNY",
                                "Description": "Chinese Yuan"
                            },
                            "LocalExVATAmount": 0.1,
                            "LocalTaxTransactionsAmount": 0.0,
                            "LocalTotal": 0.1,
                            "LocalVATAmount": 0.0,
                            "Number": "PAY2510001001",
                            "NumberOfSupportingDocuments": 1,
                            "OrganizationAddress": {
                                "AddressType": "OFC",
                                "Address1": "深圳市福田区车公庙绿景纪元大厦12层",
                                "Address2": "",
                                "AddressOverride": false,
                                "AddressShortCode": "深圳市福田区车公庙绿景纪元大厦12层",
                                "City": "Shenzhen",
                                "CompanyName": "星以分运通运股份有限公司",
                                "Contact": "JOHN",
                                "Country": {
                                    "Code": "CN",
                                    "Name": "China"
                                },
                                "Email": "123@QA.COM",
                                "Fax": "",
                                "OrganizationCode": "MEISINYTN",
                                "Phone": "+861012345678",
                                "Port": {
                                    "Code": ""
                                },
                                "Postcode": "",
                                "ScreeningStatus": {
                                    "Code": "UNK",
                                    "Description": "Unknown"
                                },
                                "State": {
                                    "Value": ""
                                },
                                "RegistrationNumberCollection": {
                                    "RegistrationNumber": [
                                        {
                                            "Type": {
                                                "Code": "VAT"
                                            },
                                            "CountryOfIssue": {
                                                "Code": "CN",
                                                "Name": "China"
                                            },
                                            "Value": "23118099"
                                        }
                                    ]
                                }
                            },
                            "OutstandingAmount": 0.1,
                            "PaymentOrReceiptType": "CSH",
                            "PlaceOfIssue": "SHANGHAI",
                            "PostDate": "2025-10-13T00:00:00",
                            "ReceiptOrDirectDebitNumber": "",
                            "RequisitionStatus": "",
                            "TransactionDate": "2025-10-13T00:00:00",
                            "TransactionType": "PAY",
                            "PostingJournalCollection": {
                                "PostingJournal": [
                                    {
                                        "Branch": {
                                            "Code": "SH1",
                                            "Name": "ORIENT EXPRESS CONTAINER CO.,LTD(SH1-CEP)"
                                        },
                                        "Department": {
                                            "Code": "BRN",
                                            "Name": "Branch"
                                        },
                                        "Description": "SOPL Match No:MSH12510130001",
                                        "Job": {
                                            "Type": "Job"
                                        },
                                        "LocalAmount": 0.1,
                                        "LocalCurrency": {
                                            "Code": "CNY",
                                            "Description": "Chinese Yuan"
                                        },
                                        "LocalGSTVATAmount": 0.0,
                                        "LocalTotalAmount": 0.1,
                                        "Organization": {
                                            "Type": "Organization",
                                            "Key": "MEISINYTN"
                                        },
                                        "TransactionCategory": "",
                                        "TransactionType": "PAY",
                                        "PostingJournalDetailCollection": {
                                            "PostingJournalDetail": [
                                                {
                                                    "CreditGLAccount": {
                                                        "AccountCode": "1107.00.68",
                                                        "Description": "Cash At Scotia Bank-USD",
                                                        "LocalComplianceAccountCode": "1107.00.68",
                                                        "LocalComplianceAccountDescription": "库存现金"
                                                    },
                                                    "DebitGLAccount": {
                                                        "AccountCode": "2110.00.00",
                                                        "Description": "Accounts Payable Control",
                                                        "LocalComplianceAccountCode": "2110.00.00",
                                                        "LocalComplianceAccountDescription": "ACCOUNTS PAYABLE CONTROL"
                                                    },
                                                    "PostingAmount": 0.1,
                                                    "PostingCurrency": {
                                                        "Code": "CNY",
                                                        "Description": "Chinese Yuan"
                                                    },
                                                    "PostingDate": "2025-10-13T00:00:00",
                                                    "PostingPeriod": 202510
                                                }
                                            ]
                                        },
                                        "Osamount": 0.1,
                                        "Oscurrency": {
                                            "Code": "CNY",
                                            "Description": "Chinese Yuan"
                                        },
                                        "Osgstvatamount": 0.0,
                                        "GlpostDate": "2025-10-13T00:00:00",
                                        "OstotalAmount": 0.1
                                    }
                                ]
                            },
                            "ApaccountGroup": {
                                "Code": "AGT",
                                "Description": "AGENT"
                            },
                            "AraccountGroup": {
                                "Code": "AGT",
                                "Description": "AGENT"
                            },
                            "Oscurrency": {
                                "Code": "CNY",
                                "Description": "Chinese Yuan"
                            },
                            "OsexGSTVATAmount": 0.1,
                            "Osgstvatamount": 0.0,
                            "OstaxTransactionsAmount": 0.0,
                            "Ostotal": 0.1
                        }
                    ]
                }
            },
            "Version": "1.1"
        }
    }
}