[
{
    "billNo": "2508001031",
    "transactionType": "INV",
    "billDate": "2025-08-21T00:00:00",
    "companyCode": "SH1",
    "branchCode": "SH1",
    "departmentCode": "FES",
    "currency": "CNY",
    "shipmentId": "SSSH1250818471",
    "consolNo": null,
    "debiterCode": "YANTFUSHA",
    "debiterName": "YANTAI T. FULL BIOTECH CO., LTD.",
    "buyerCode": "YANTFUSHA",
    "buyerName": "YANTAI T. FULL BIOTECH CO., LTD.",
    "buyerTaxNo": "913706855690363661",
    "buyerAddr": null,
    "buyerTel": null,
    "buyerBankName": null,
    "buyerBankAccount": null,
    "buyerEmail": null,
    "taxRate": 6,
    "oldBillNo": null,
    "oldBillType": null,
    "itemGuid": "7c5a2882-ebf8-4bb6-be5c-dc7b97e64191",
    "itemCode": "OCHC",
    "itemName": "Origin Container Handling Charge",
    "itemUnit": null,
    "qty": 1,
    "taxCode": "VAT6",
    "zeroFlag": null,
    "discountAmt": 0,
    "discountTaxAmt": 0,
    "discountAmtIncludeTax": 0,
    "price": 360.0,
    "taxIncludedAmount": 360.0,
    "amount": 338.4
},
{
    "billNo": "2508001031",
    "transactionType": "INV",
    "billDate": "2025-08-21T00:00:00",
    "companyCode": "SH1",
    "branchCode": "SH1",
    "departmentCode": "FES",
    "currency": "CNY",
    "shipmentId": "SSSH1250818471",
    "consolNo": null,
    "debiterCode": "YANTFUSHA",
    "debiterName": "YANTAI T. FULL BIOTECH CO., LTD.",
    "buyerCode": "YANTFUSHA",
    "buyerName": "YANTAI T. FULL BIOTECH CO., LTD.",
    "buyerTaxNo": "913706855690363661",
    "buyerAddr": null,
    "buyerTel": null,
    "buyerBankName": null,
    "buyerBankAccount": null,
    "buyerEmail": null,
    "taxRate": 6,
    "oldBillNo": null,
    "oldBillType": null,
    "itemGuid": "4bf62b8d-5c36-4699-a101-097124ca4881",
    "itemCode": "OCLR",
    "itemName": "启运港海运清关费",
    "itemUnit": null,
    "qty": 1,
    "taxCode": "VAT6",
    "zeroFlag": null,
    "discountAmt": 0,
    "discountTaxAmt": 0,
    "discountAmtIncludeTax": 0,
    "price": 420.0,
    "taxIncludedAmount": 420.0,
    "amount": 394.8
}
]