{
    "Xmlns": "http://www.cargowise.com/Schemas/Universal/2011/11",
    "Version": "1.1",
    "Header": {
        "SenderID": "OECSH1AST",
        "RecipientID": "CHINAGUI"
    },
    "Body": {
        "UniversalTransaction": {
            "TransactionInfo": {
                "DataContext": {
                    "DataSourceCollection": {
                        "DataSource": [
                            {
                                "Type": "AccountingInvoice",
                                "Key": "AR INV 2508001030"
                            }
                        ]
                    },
                    "ActionPurpose": {
                        "Code": "INV",
                        "Description": "Invoice"
                    },
                    "Company": {
                        "Code": "SH1",
                        "Country": {
                            "Code": "CN",
                            "Name": "China"
                        },
                        "Name": "ORIENT EXPRESS CONTAINER CO.,LTD (SH1)"
                    },
                    "DataProvider": "OECASTSH1",
                    "EnterpriseID": "OEC",
                    "EventBranch": {
                        "Code": "SH4",
                        "Name": "FOUR OFFICE"
                    },
                    "EventDepartment": {
                        "Code": "BRN",
                        "Name": "Branch"
                    },
                    "EventReference": "AR|INV|Posted",
                    "EventType": {
                        "Code": "ADD",
                        "Description": "Added a record to the system"
                    },
                    "EventUser": {
                        "Code": "ASW",
                        "Name": "Ashley Wu"
                    },
                    "ServerID": "AST",
                    "TriggerCount": 1,
                    "TriggerDate": "2025-08-14T16:40:08.310+08:00",
                    "TriggerDescription": "ADD to send AR Invoice",
                    "TriggerReference": "AR|INV|Posted",
                    "TriggerType": "Trigger",
                    "RecipientRoleCollection": {
                        "RecipientRole": [
                            {
                                "Code": "ORP",
                                "Description": "Organization Proxy"
                            }
                        ]
                    }
                },
                "Branch": {
                    "Code": "SH1",
                    "Name": "ORIENT EXPRESS CONTAINER CO.,LTD(SH1-CEP)"
                },
                "BranchAddress": {
                    "AddressType": "OFC",
                    "AdditionalAddressInformation": "ROOM I 16TH FL NO.726 WEST",
                    "Address1": "16 YAN'AN EAST ROAD",
                    "Address2": "CHANGNING DISTRICT",
                    "AddressOverride": false,
                    "AddressShortCode": "ROOM I, 16TH  FL, NO.726,",
                    "City": "SHANGHAI",
                    "CompanyName": "ORIENT EXPRESS CONTAINER CO., LTD.",
                    "Contact": "MISS WANG",
                    "Country": {
                        "Code": "CN",
                        "Name": "China"
                    },
                    "Email": "abc213@gmail.com",
                    "Fax": "",
                    "OrganizationCode": "ORIEXPPVG",
                    "Phone": "",
                    "Port": {
                        "Code": "CNSGH",
                        "Name": "Shanghai"
                    },
                    "Postcode": "200050",
                    "ScreeningStatus": {
                        "Code": "NOT",
                        "Description": "Not Screened"
                    },
                    "State": {
                        "Value": "31"
                    }
                },
                "Category": "CUR",
                "CheckDrawer": "",
                "CheckNumberOrPaymentRef": "ASHLEY",
                "CreateTime": "2025-08-14T08:40:00",
                "CreateUser": {
                    "Value": "ASW"
                },
                "Department": {
                    "Code": "BRN",
                    "Name": "Branch"
                },
                "Description": "WI00000073",
                "DrawerBank": "",
                "DrawerBranch": "",
                "DueDate": "2025-08-14T16:40:00",
                "ExchangeRate": 7.35,
                "InvoiceTerm": "COD",
                "InvoiceTermDays": 0,
                "IsCancelled": false,
                "IsCreatedByMatchingProcess": false,
                "IsPrinted": false,
                "Job": {
                    "Type": "Job",
                    "Key": "WI00000073"
                },
                "JobInvoiceNumber": "WI00000073",
                "Ledger": "AR",
                "LocalCurrency": {
                    "Code": "CNY",
                    "Description": "Chinese Yuan"
                },
                "LocalExVATAmount": 73.5,
                "LocalTaxTransactionsAmount": 0.0,
                "LocalTotal": 73.5,
                "LocalVATAmount": 0.0,
                "Number": "2508001030",
                "NumberOfSupportingDocuments": 1,
                "OrganizationAddress": {
                    "AddressType": "OFC",
                    "Address1": "555 W PIERCE RD STE 210",
                    "Address2": "",
                    "AddressOverride": false,
                    "AddressShortCode": "650 E Devon Ave, Suite 10",
                    "City": "ITASCA",
                    "CompanyName": "OEC FREIGHT (NY), INC.",
                    "Contact": "Joanna Stramecka",
                    "Country": {
                        "Code": "US",
                        "Name": "United States"
                    },
                    "Email": "js.ord@oecgroup.com",
                    "Fax": "+16306257901",
                    "OrganizationCode": "OECGRPORD",
                    "Phone": "+16306257900",
                    "Port": {
                        "Code": "USITS",
                        "Name": "Itasca"
                    },
                    "Postcode": "60143",
                    "ScreeningStatus": {
                        "Code": "UNK",
                        "Description": "Unknown"
                    },
                    "State": {
                        "Value": "IL"
                    },
                    "RegistrationNumberCollection": {
                        "RegistrationNumber": [
                            {
                                "Type": {
                                    "Code": "EIN"
                                },
                                "CountryOfIssue": {
                                    "Code": "US",
                                    "Name": "United States"
                                },
                                "Value": "11-338330200"
                            },
                            {
                                "Type": {
                                    "Code": "LSC"
                                },
                                "CountryOfIssue": {
                                    "Code": "BL",
                                    "Name": "Saint Barthélemy"
                                },
                                "Value": "BILLINGCODE-718"
                            },
                            {
                                "Type": {
                                    "Code": "LSC"
                                },
                                "CountryOfIssue": {
                                    "Code": "TW",
                                    "Name": "Taiwan"
                                },
                                "Value": "AGENTCODE-ORD"
                            },
                            {
                                "Type": {
                                    "Code": "UOC"
                                },
                                "CountryOfIssue": {
                                    "Code": "US",
                                    "Name": "United States"
                                },
                                "Value": "718"
                            }
                        ]
                    }
                },
                "OutstandingAmount": 73.5,
                "PlaceOfIssue": "SHANGHAI",
                "PostDate": "2025-08-14T16:40:00",
                "ReceiptOrDirectDebitNumber": "",
                "RequisitionStatus": "",
                "TransactionDate": "2025-08-14T16:40:00",
                "TransactionType": "INV",
                "PostingJournalCollection": {
                    "PostingJournal": [
                        {
                            "Branch": {
                                "Code": "SH1",
                                "Name": "ORIENT EXPRESS CONTAINER CO.,LTD(SH1-CEP)"
                            },
                            "ChargeCode": {
                                "Code": "AMS",
                                "ChargeType": {
                                    "Code": "MJA",
                                    "Description": "Manual Job Accrual"
                                },
                                "Clazz": {
                                    "Code": "SRV",
                                    "Description": "Service"
                                },
                                "Description": "AMS Security Surcharge"
                            },
                            "ChargeCurrency": {
                                "Code": "USD",
                                "Description": "United States Dollar"
                            },
                            "ChargeExchangeRate": 7.35,
                            "ChargeTotalAmount": 10.0,
                            "ChargeTotalExVATAmount": 10.0,
                            "Department": {
                                "Code": "BRN",
                                "Name": "Branch"
                            },
                            "Description": "AMS Security Surcharge",
                            "IsFinalCharge": false,
                            "Job": {
                                "Type": "Job",
                                "Key": "WI00000073"
                            },
                            "JobRecognitionDate": "2025-08-14T16:40:00",
                            "LocalAmount": 73.5,
                            "LocalCurrency": {
                                "Code": "CNY",
                                "Description": "Chinese Yuan"
                            },
                            "LocalGLAccount": "4020.10.10",
                            "LocalGSTVATAmount": 0.0,
                            "LocalTotalAmount": 73.5,
                            "Organization": {
                                "Type": "Organization",
                                "Key": "OECGRPORD"
                            },
                            "RevenueRecognitionType": "FAR",
                            "Sequence": 3,
                            "TransactionCategory": "CUR",
                            "TransactionType": "REV",
                            "PostingJournalDetailCollection": {
                                "PostingJournalDetail": [
                                    {
                                        "CreditGLAccount": {
                                            "AccountCode": "1211.00.00",
                                            "Description": "Revenue Suspense Control Account",
                                            "LocalComplianceAccountCode": "1211.00.00",
                                            "LocalComplianceAccountDescription": "REVENUE SUSPENSE CONTROL ACCOUNT"
                                        },
                                        "DebitGLAccount": {
                                            "AccountCode": "1210.00.00",
                                            "Description": "Accounts Receivable Control",
                                            "LocalComplianceAccountCode": "1210.00.00",
                                            "LocalComplianceAccountDescription": "應收帳款"
                                        },
                                        "PostingAmount": 73.5,
                                        "PostingCurrency": {
                                            "Code": "CNY",
                                            "Description": "Chinese Yuan"
                                        },
                                        "PostingDate": "2025-08-14T16:40:00",
                                        "PostingPeriod": 202508
                                    },
                                    {
                                        "CreditGLAccount": {
                                            "AccountCode": "4020.10.10",
                                            "Description": "Freight Revenue Actual",
                                            "LocalComplianceAccountCode": "4020.10.10",
                                            "LocalComplianceAccountDescription": "運費收入"
                                        },
                                        "DebitGLAccount": {
                                            "AccountCode": "1211.00.00",
                                            "Description": "Revenue Suspense Control Account",
                                            "LocalComplianceAccountCode": "1211.00.00",
                                            "LocalComplianceAccountDescription": "REVENUE SUSPENSE CONTROL ACCOUNT"
                                        },
                                        "PostingAmount": 73.5,
                                        "PostingCurrency": {
                                            "Code": "CNY",
                                            "Description": "Chinese Yuan"
                                        },
                                        "PostingDate": "2025-08-14T16:40:00",
                                        "PostingPeriod": 202508
                                    }
                                ]
                            },
                            "Glaccount": {
                                "AccountCode": "4020.10.10",
                                "Description": "Freight Revenue Actual",
                                "LocalComplianceAccountCode": "4020.10.10",
                                "LocalComplianceAccountDescription": "運費收入"
                            },
                            "GlpostDate": "2025-08-14T16:40:00",
                            "OstotalAmount": 10.0,
                            "Osamount": 10.0,
                            "Oscurrency": {
                                "Code": "USD",
                                "Description": "United States Dollar"
                            },
                            "Osgstvatamount": 0.0
                        }
                    ]
                },
                "MessageNumberCollection": {
                    "MessageNumber": [
                        {
                            "Value": "cf6aef50-83e5-4b46-b754-eac3ae6cd52f",
                            "Type": "TRACKING_ID"
                        },
                        {
                            "Value": "00000000000000561499",
                            "Type": "INTERCHANGE_NUMBER"
                        },
                        {
                            "Value": "00000000000000562593",
                            "Type": "MESSAGE_NUMBER"
                        }
                    ]
                },
                "ApaccountGroup": {
                    "Code": "AGT",
                    "Description": "AGENT"
                },
                "AraccountGroup": {
                    "Code": "AGT",
                    "Description": "AGENT"
                },
                "Oscurrency": {
                    "Code": "USD",
                    "Description": "United States Dollar"
                },
                "OsexGSTVATAmount": 10.0,
                "Osgstvatamount": 0.0,
                "OstaxTransactionsAmount": 0.0,
                "Ostotal": 10.0
            },
            "Version": "1.1"
        }
    }
}