{
    "Xmlns": "http://www.cargowise.com/Schemas/Universal/2011/11",
    "Version": "1.1",
    "Header": {
        "SenderID": "OECSH1AST",
        "RecipientID": "CHINAGUI"
    },
    "Body": {
        "UniversalTransaction": {
            "TransactionInfo": {
                "DataContext": {
                    "DataSourceCollection": {
                        "DataSource": [
                            {
                                "Type": "AccountingInvoice",
                                "Key": "AP INV NONTAX33"
                            }
                        ]
                    },
                    "ActionPurpose": {
                        "Code": "INV",
                        "Description": "Invoice"
                    },
                    "Company": {
                        "Code": "SH1",
                        "Country": {
                            "Code": "CN",
                            "Name": "China"
                        },
                        "Name": "ORIENT EXPRESS CONTAINER CO.,LTD (SH1)"
                    },
                    "DataProvider": "OECASTSH1",
                    "EnterpriseID": "OEC",
                    "EventBranch": {
                        "Code": "SH1",
                        "Name": "ORIENT EXPRESS CONTAINER CO.,LTD(SH1-CEP)"
                    },
                    "EventDepartment": {
                        "Code": "FES",
                        "Name": "Forwarding Export Sea"
                    },
                    "EventReference": "AP|INV|Posted",
                    "EventType": {
                        "Code": "ADD",
                        "Description": "Added a record to the system"
                    },
                    "EventUser": {
                        "Code": "LCN",
                        "Name": "Lydia Chen"
                    },
                    "ServerID": "AST",
                    "TriggerCount": 1,
                    "TriggerDate": "2025-10-09T11:29:20.933+08:00",
                    "TriggerDescription": "ADD to send AP Invoice",
                    "TriggerReference": "AP|INV|Posted",
                    "TriggerType": "Trigger",
                    "RecipientRoleCollection": {
                        "RecipientRole": [
                            {
                                "Code": "ORP",
                                "Description": "Organization Proxy"
                            }
                        ]
                    }
                },
                "Branch": {
                    "Code": "SH1",
                    "Name": "ORIENT EXPRESS CONTAINER CO.,LTD(SH1-CEP)"
                },
                "BranchAddress": {
                    "AddressType": "OFC",
                    "AdditionalAddressInformation": "ROOM I 16TH FL NO.726 WEST",
                    "Address1": "16 YAN'AN EAST ROAD",
                    "Address2": "CHANGNING DISTRICT",
                    "AddressOverride": false,
                    "AddressShortCode": "ROOM I, 16TH  FL, NO.726,",
                    "City": "SHANGHAI",
                    "CompanyName": "ORIENT EXPRESS CONTAINER CO., LTD.",
                    "Contact": "MISS WANG",
                    "Country": {
                        "Code": "CN",
                        "Name": "China"
                    },
                    "Email": "abc213@gmail.com",
                    "Fax": "",
                    "OrganizationCode": "ORIEXPPVG",
                    "Phone": "",
                    "Port": {
                        "Code": "CNSGH",
                        "Name": "Shanghai"
                    },
                    "Postcode": "200050",
                    "ScreeningStatus": {
                        "Code": "NOT",
                        "Description": "Not Screened"
                    },
                    "State": {
                        "Value": "31"
                    }
                },
                "Category": "STD",
                "CheckDrawer": "",
                "CheckNumberOrPaymentRef": "",
                "CreateTime": "2025-10-09T03:32:00",
                "CreateUser": {
                    "Value": "LCN"
                },
                "Department": {
                    "Code": "FES",
                    "Name": "Forwarding Export Sea"
                },
                "Description": "AP INVOICE",
                "DrawerBank": "",
                "DrawerBranch": "",
                "DueDate": "2025-10-09T00:00:00",
                "ExchangeRate": 7.1,
                "InvoiceTerm": "COD",
                "InvoiceTermDays": 0,
                "IsCancelled": false,
                "IsCreatedByMatchingProcess": false,
                "IsPrinted": false,
                "Job": {
                    "Type": "Job"
                },
                "JobInvoiceNumber": "INV2510001005",
                "Ledger": "AP",
                "LocalCurrency": {
                    "Code": "CNY",
                    "Description": "Chinese Yuan"
                },
                "LocalExVATAmount": -142.0,
                "LocalTaxTransactionsAmount": 0.0,
                "LocalTotal": -142.0,
                "LocalVATAmount": 0.0,
                "Number": "NONTAX33",
                "NumberOfSupportingDocuments": 1,
                "OrganizationAddress": {
                    "AddressType": "OFC",
                    "AdditionalAddressInformation": "CAMI@KARATHOME.COM,LOGISTICS@KARATHOME.COM",
                    "Address1": "1401 E HATTIE ST , FORT WORTH , TX 76104",
                    "Address2": "EIN NO.: 46-4892559",
                    "AddressOverride": false,
                    "AddressShortCode": "1401 E HATTIE ST , FORT W",
                    "City": "FORT WORTH",
                    "CompanyName": "CAMI",
                    "Contact": "CAMI SHANG",
                    "Country": {
                        "Code": "US",
                        "Name": "United States"
                    },
                    "Email": "CAMI@KARATHOME.COM",
                    "Fax": "",
                    "OrganizationCode": "14KARATXT",
                    "Phone": "",
                    "Port": {
                        "Code": "USTXT",
                        "Name": "Texas City"
                    },
                    "Postcode": "76104",
                    "ScreeningStatus": {
                        "Code": "NOT",
                        "Description": "Not Screened"
                    },
                    "State": {
                        "Value": "TX"
                    }
                },
                "OutstandingAmount": -142.0,
                "PlaceOfIssue": "SHANGHAI",
                "PostDate": "2025-10-09T11:29:00",
                "ReceiptOrDirectDebitNumber": "",
                "RequisitionDate": "2025-10-09T00:00:00",
                "RequisitionStatus": "NRM",
                "TransactionDate": "2025-10-09T00:00:00",
                "TransactionType": "INV",
                "PostingJournalCollection": {
                    "PostingJournal": [
                        {
                            "Branch": {
                                "Code": "SH1",
                                "Name": "ORIENT EXPRESS CONTAINER CO.,LTD(SH1-CEP)"
                            },
                            "Department": {
                                "Code": "FES",
                                "Name": "Forwarding Export Sea"
                            },
                            "Description": "Clearing Journal Clearing Account",
                            "IsFinalCharge": false,
                            "Job": {
                                "Type": "Job"
                            },
                            "LocalAmount": -142.0,
                            "LocalCurrency": {
                                "Code": "CNY",
                                "Description": "Chinese Yuan"
                            },
                            "LocalGLAccount": "1217.00.00",
                            "LocalGSTVATAmount": 0.0,
                            "LocalTotalAmount": -142.0,
                            "Organization": {
                                "Type": "Organization",
                                "Key": "14KARATXT"
                            },
                            "RevenueRecognitionType": "IMM",
                            "Sequence": 1,
                            "TransactionCategory": "STD",
                            "TransactionType": "CST",
                            "PostingJournalDetailCollection": {
                                "PostingJournalDetail": [
                                    {
                                        "CreditGLAccount": {
                                            "AccountCode": "2110.00.00",
                                            "Description": "Accounts Payable Control",
                                            "LocalComplianceAccountCode": "2110.00.00",
                                            "LocalComplianceAccountDescription": "ACCOUNTS PAYABLE CONTROL"
                                        },
                                        "DebitGLAccount": {
                                            "AccountCode": "2111.00.00",
                                            "Description": "Cost Suspense Control Account",
                                            "LocalComplianceAccountCode": "2111.00.00",
                                            "LocalComplianceAccountDescription": "COST SUSPENSE CONTROL ACCOUNT"
                                        },
                                        "PostingAmount": 142.0,
                                        "PostingCurrency": {
                                            "Code": "CNY",
                                            "Description": "Chinese Yuan"
                                        },
                                        "PostingDate": "2025-10-09T11:29:00",
                                        "PostingPeriod": 202510
                                    },
                                    {
                                        "CreditGLAccount": {
                                            "AccountCode": "2111.00.00",
                                            "Description": "Cost Suspense Control Account",
                                            "LocalComplianceAccountCode": "2111.00.00",
                                            "LocalComplianceAccountDescription": "COST SUSPENSE CONTROL ACCOUNT"
                                        },
                                        "DebitGLAccount": {
                                            "AccountCode": "1217.00.00",
                                            "Description": "Clearing Journal Clearing Account",
                                            "LocalComplianceAccountCode": "1217.00.00",
                                            "LocalComplianceAccountDescription": "CLEARING JOURNAL CLEARING ACCOUNT"
                                        },
                                        "PostingAmount": 142.0,
                                        "PostingCurrency": {
                                            "Code": "CNY",
                                            "Description": "Chinese Yuan"
                                        },
                                        "PostingDate": "2025-10-09T11:29:00",
                                        "PostingPeriod": 202510
                                    }
                                ]
                            },
                            "Oscurrency": {
                                "Code": "USD",
                                "Description": "United States Dollar"
                            },
                            "Osgstvatamount": 0.0,
                            "Osamount": -20.0,
                            "OstotalAmount": -20.0,
                            "Glaccount": {
                                "AccountCode": "1217.00.00",
                                "Description": "Clearing Journal Clearing Account",
                                "LocalComplianceAccountCode": "1217.00.00",
                                "LocalComplianceAccountDescription": "CLEARING JOURNAL CLEARING ACCOUNT"
                            },
                            "GlpostDate": "2025-10-09T11:29:00"
                        }
                    ]
                },
                "MessageNumberCollection": {
                    "MessageNumber": [
                        {
                            "Value": "660c2a31-92bd-4478-8191-b008aa9a4b36",
                            "Type": "TRACKING_ID"
                        },
                        {
                            "Value": "00000000000000567240",
                            "Type": "INTERCHANGE_NUMBER"
                        },
                        {
                            "Value": "00000000000000568227",
                            "Type": "MESSAGE_NUMBER"
                        }
                    ]
                },
                "ApaccountGroup": {
                    "Code": "CUS",
                    "Description": "CUSTOMER"
                },
                "AraccountGroup": {
                    "Code": "CON",
                    "Description": "CONSIGNEE"
                },
                "Oscurrency": {
                    "Code": "USD",
                    "Description": "United States Dollar"
                },
                "OsexGSTVATAmount": -20.0,
                "Osgstvatamount": 0.0,
                "OstaxTransactionsAmount": 0.0,
                "Ostotal": -20.0
            },
            "Version": "1.1"
        }
    }
}