{
    "Xmlns": "http://www.cargowise.com/Schemas/Universal/2011/11",
    "Version": "1.1",
    "Header": {
        "SenderID": "OECSH1AST",
        "RecipientID": "CHINAGUI"
    },
    "Body": {
        "UniversalTransaction": {
            "TransactionInfo": {
                "DataContext": {
                    "DataSourceCollection": {
                        "DataSource": [
                            {
                                "Type": "AccountingInvoice",
                                "Key": "AR CRD 2510001001"
                            }
                        ]
                    },
                    "ActionPurpose": {
                        "Code": "INV",
                        "Description": "Invoice"
                    },
                    "Company": {
                        "Code": "SH1",
                        "Country": {
                            "Code": "CN",
                            "Name": "China"
                        },
                        "Name": "ORIENT EXPRESS CONTAINER CO.,LTD (SH1)"
                    },
                    "DataProvider": "OECASTSH1",
                    "EnterpriseID": "OEC",
                    "EventBranch": {
                        "Code": "SH1",
                        "Name": "ORIENT EXPRESS CONTAINER CO.,LTD(SH1-CEP)"
                    },
                    "EventDepartment": {
                        "Code": "FES",
                        "Name": "Forwarding Export Sea"
                    },
                    "EventReference": "AR|CRD|Posted",
                    "EventType": {
                        "Code": "ADD",
                        "Description": "Added a record to the system"
                    },
                    "EventUser": {
                        "Code": "LCN",
                        "Name": "Lydia Chen"
                    },
                    "ServerID": "AST",
                    "TriggerCount": 1,
                    "TriggerDate": "2025-10-07T15:10:11.403+08:00",
                    "TriggerDescription": "ADD to send AR Invoice",
                    "TriggerReference": "AR|CRD|Posted",
                    "TriggerType": "Trigger",
                    "RecipientRoleCollection": {
                        "RecipientRole": [
                            {
                                "Code": "ORP",
                                "Description": "Organization Proxy"
                            }
                        ]
                    }
                },
                "Branch": {
                    "Code": "SH1",
                    "Name": "ORIENT EXPRESS CONTAINER CO.,LTD(SH1-CEP)"
                },
                "BranchAddress": {
                    "AddressType": "OFC",
                    "AdditionalAddressInformation": "ROOM I 16TH FL NO.726 WEST",
                    "Address1": "16 YAN'AN EAST ROAD",
                    "Address2": "CHANGNING DISTRICT",
                    "AddressOverride": false,
                    "AddressShortCode": "ROOM I, 16TH  FL, NO.726,",
                    "City": "SHANGHAI",
                    "CompanyName": "ORIENT EXPRESS CONTAINER CO., LTD.",
                    "Contact": "MISS WANG",
                    "Country": {
                        "Code": "CN",
                        "Name": "China"
                    },
                    "Email": "abc213@gmail.com",
                    "Fax": "",
                    "OrganizationCode": "ORIEXPPVG",
                    "Phone": "",
                    "Port": {
                        "Code": "CNSGH",
                        "Name": "Shanghai"
                    },
                    "Postcode": "200050",
                    "ScreeningStatus": {
                        "Code": "NOT",
                        "Description": "Not Screened"
                    },
                    "State": {
                        "Value": "31"
                    }
                },
                "Category": "FIN",
                "CheckDrawer": "",
                "CheckNumberOrPaymentRef": "",
                "CreateTime": "2025-10-07T07:11:00",
                "CreateUser": {
                    "Value": "LCN"
                },
                "Department": {
                    "Code": "FES",
                    "Name": "Forwarding Export Sea"
                },
                "Description": "AR CREDIT NOTE",
                "DrawerBank": "",
                "DrawerBranch": "",
                "DueDate": "2025-10-07T15:10:00",
                "ExchangeRate": 1.0,
                "InvoiceTerm": "COD",
                "InvoiceTermDays": 0,
                "IsCancelled": false,
                "IsCreatedByMatchingProcess": false,
                "IsPrinted": false,
                "Job": {
                    "Type": "Job"
                },
                "JobInvoiceNumber": "",
                "Ledger": "AR",
                "LocalCurrency": {
                    "Code": "CNY",
                    "Description": "Chinese Yuan"
                },
                "LocalExVATAmount": -11.0,
                "LocalTaxTransactionsAmount": 0.0,
                "LocalTotal": -12.43,
                "LocalVATAmount": -1.43,
                "Number": "2510001001",
                "NumberOfSupportingDocuments": 1,
                "OrganizationAddress": {
                    "AddressType": "OFC",
                    "AdditionalAddressInformation": "测试公司",
                    "Address1": "NO. 123, TEST ROAD, SHANGHAI",
                    "Address2": "",
                    "AddressOverride": false,
                    "AddressShortCode": "NO. 123, TEST ROAD, SHANG",
                    "City": "SHANGHAI",
                    "CompanyName": "ABC COMPANY",
                    "Country": {
                        "Code": "CN",
                        "Name": "China"
                    },
                    "Email": "",
                    "Fax": "",
                    "OrganizationCode": "ABCSHA",
                    "Phone": "",
                    "Port": {
                        "Code": "CNSGH",
                        "Name": "Shanghai"
                    },
                    "Postcode": "",
                    "ScreeningStatus": {
                        "Code": "NOT",
                        "Description": "Not Screened"
                    },
                    "State": {
                        "Value": ""
                    }
                },
                "OutstandingAmount": -12.43,
                "PlaceOfIssue": "SHANGHAI",
                "PostDate": "2025-10-07T15:10:00",
                "ReceiptOrDirectDebitNumber": "",
                "RequisitionStatus": "",
                "TransactionDate": "2025-10-07T15:10:00",
                "TransactionType": "CRD",
                "PostingJournalCollection": {
                    "PostingJournal": [
                        {
                            "Branch": {
                                "Code": "SH1",
                                "Name": "ORIENT EXPRESS CONTAINER CO.,LTD(SH1-CEP)"
                            },
                            "Department": {
                                "Code": "FES",
                                "Name": "Forwarding Export Sea"
                            },
                            "Description": "Provision For Doubtful Accounts",
                            "IsFinalCharge": false,
                            "Job": {
                                "Type": "Job"
                            },
                            "LocalAmount": -11.0,
                            "LocalCurrency": {
                                "Code": "CNY",
                                "Description": "Chinese Yuan"
                            },
                            "LocalGSTVATAmount": -1.43,
                            "LocalTotalAmount": -12.43,
                            "Organization": {
                                "Type": "Organization",
                                "Key": "ABCSHA"
                            },
                            "RevenueRecognitionType": "IMM",
                            "Sequence": 1,
                            "TaxDate": "2025-10-07",
                            "TransactionCategory": "FIN",
                            "TransactionType": "REV",
                            "PostingJournalDetailCollection": {
                                "PostingJournalDetail": [
                                    {
                                        "CreditGLAccount": {
                                            "AccountCode": "1210.00.00",
                                            "Description": "Accounts Receivable Control",
                                            "LocalComplianceAccountCode": "1210.00.00",
                                            "LocalComplianceAccountDescription": "應收帳款"
                                        },
                                        "DebitGLAccount": {
                                            "AccountCode": "1211.00.00",
                                            "Description": "Revenue Suspense Control Account",
                                            "LocalComplianceAccountCode": "1211.00.00",
                                            "LocalComplianceAccountDescription": "REVENUE SUSPENSE CONTROL ACCOUNT"
                                        },
                                        "PostingAmount": 11.0,
                                        "PostingCurrency": {
                                            "Code": "CNY",
                                            "Description": "Chinese Yuan"
                                        },
                                        "PostingDate": "2025-10-07T15:10:00",
                                        "PostingPeriod": 202510
                                    },
                                    {
                                        "CreditGLAccount": {
                                            "AccountCode": "1210.00.00",
                                            "Description": "Accounts Receivable Control",
                                            "LocalComplianceAccountCode": "1210.00.00",
                                            "LocalComplianceAccountDescription": "應收帳款"
                                        },
                                        "DebitGLAccount": {
                                            "AccountCode": "2161.00.00",
                                            "Description": "Output Tax Payable",
                                            "LocalComplianceAccountCode": "2161.00.00",
                                            "LocalComplianceAccountDescription": "銷項稅額"
                                        },
                                        "PostingAmount": 1.43,
                                        "PostingCurrency": {
                                            "Code": "CNY",
                                            "Description": "Chinese Yuan"
                                        },
                                        "PostingDate": "2025-10-07T15:10:00",
                                        "PostingPeriod": 202510
                                    },
                                    {
                                        "CreditGLAccount": {
                                            "AccountCode": "1211.00.00",
                                            "Description": "Revenue Suspense Control Account",
                                            "LocalComplianceAccountCode": "1211.00.00",
                                            "LocalComplianceAccountDescription": "REVENUE SUSPENSE CONTROL ACCOUNT"
                                        },
                                        "DebitGLAccount": {
                                            "AccountCode": "1213.00.00",
                                            "Description": "Provision For Doubtful Accounts"
                                        },
                                        "PostingAmount": 11.0,
                                        "PostingCurrency": {
                                            "Code": "CNY",
                                            "Description": "Chinese Yuan"
                                        },
                                        "PostingDate": "2025-10-07T15:10:00",
                                        "PostingPeriod": 202510
                                    }
                                ]
                            },
                            "Oscurrency": {
                                "Code": "CNY",
                                "Description": "Chinese Yuan"
                            },
                            "Osgstvatamount": -1.43,
                            "Osamount": -11,
                            "OstotalAmount": -12.43,
                            "VattaxID": {
                                "TaxCode": "CAPVAT",
                                "Description": "Standard Rated - Capital Items",
                                "TaxRate": 13,
                                "TaxType": {
                                    "Code": "CAP"
                                }
                            },
                            "Glaccount": {
                                "AccountCode": "1213.00.00",
                                "Description": "Provision For Doubtful Accounts"
                            },
                            "GlpostDate": "2025-10-07T15:10:00"
                        }
                    ]
                },
                "InvoiceRemittanceCollection": {
                    "InvoiceRemittance": [
                        {
                            "BillerAccountNumber": "",
                            "BillerCode": "",
                            "DebtorClientNumber": "00001160",
                            "InvoiceRemittanceReference": "ABCSHA00001160",
                            "InvoiceTransactionReference": "00002317",
                            "Message": "",
                            "Type": {
                                "Code": "OC1",
                                "Description": "Organiztion Code +Client Number"
                            }
                        }
                    ]
                },
                "MessageNumberCollection": {
                    "MessageNumber": [
                        {
                            "Value": "9e483eec-f8d3-45fb-bcae-de86f35e29bf",
                            "Type": "TRACKING_ID"
                        },
                        {
                            "Value": "00000000000000566557",
                            "Type": "INTERCHANGE_NUMBER"
                        },
                        {
                            "Value": "00000000000000567544",
                            "Type": "MESSAGE_NUMBER"
                        }
                    ]
                },
                "ApaccountGroup": {
                    "Code": "CUS",
                    "Description": "CUSTOMER"
                },
                "AraccountGroup": {
                    "Code": "CUS",
                    "Description": "CUSTOMER"
                },
                "Oscurrency": {
                    "Code": "CNY",
                    "Description": "Chinese Yuan"
                },
                "OsexGSTVATAmount": -11.0,
                "Osgstvatamount": -1.43,
                "OstaxTransactionsAmount": 0.0,
                "Ostotal": -12.43
            },
            "Version": "1.1"
        }
    }
}