{
    "Xmlns": "http://www.cargowise.com/Schemas/Universal/2011/11",
    "Version": "1.1",
    "Header": {
        "SenderID": "OECSH1AST",
        "RecipientID": "CHINAGUI"
    },
    "Body": {
        "UniversalTransaction": {
            "TransactionInfo": {
                "DataContext": {
                    "DataSourceCollection": {
                        "DataSource": [
                            {
                                "Type": "AccountingInvoice",
                                "Key": "AR INV 2510001001"
                            }
                        ]
                    },
                    "ActionPurpose": {
                        "Code": "INV",
                        "Description": "Invoice"
                    },
                    "Company": {
                        "Code": "SH1",
                        "Country": {
                            "Code": "CN",
                            "Name": "China"
                        },
                        "Name": "ORIENT EXPRESS CONTAINER CO.,LTD (SH1)"
                    },
                    "DataProvider": "OECASTSH1",
                    "EnterpriseID": "OEC",
                    "EventBranch": {
                        "Code": "SH1",
                        "Name": "ORIENT EXPRESS CONTAINER CO.,LTD(SH1-CEP)"
                    },
                    "EventDepartment": {
                        "Code": "FES",
                        "Name": "Forwarding Export Sea"
                    },
                    "EventReference": "AR|INV|Posted",
                    "EventType": {
                        "Code": "ADD",
                        "Description": "Added a record to the system"
                    },
                    "EventUser": {
                        "Code": "LCN",
                        "Name": "Lydia Chen"
                    },
                    "ServerID": "AST",
                    "TriggerCount": 1,
                    "TriggerDate": "2025-10-07T15:04:31.437+08:00",
                    "TriggerDescription": "ADD to send AR Invoice",
                    "TriggerReference": "AR|INV|Posted",
                    "TriggerType": "Trigger",
                    "RecipientRoleCollection": {
                        "RecipientRole": [
                            {
                                "Code": "ORP",
                                "Description": "Organization Proxy"
                            }
                        ]
                    }
                },
                "Branch": {
                    "Code": "SH1",
                    "Name": "ORIENT EXPRESS CONTAINER CO.,LTD(SH1-CEP)"
                },
                "BranchAddress": {
                    "AddressType": "OFC",
                    "AdditionalAddressInformation": "ROOM I 16TH FL NO.726 WEST",
                    "Address1": "16 YAN'AN EAST ROAD",
                    "Address2": "CHANGNING DISTRICT",
                    "AddressOverride": false,
                    "AddressShortCode": "ROOM I, 16TH  FL, NO.726,",
                    "City": "SHANGHAI",
                    "CompanyName": "ORIENT EXPRESS CONTAINER CO., LTD.",
                    "Contact": "MISS WANG",
                    "Country": {
                        "Code": "CN",
                        "Name": "China"
                    },
                    "Email": "abc213@gmail.com",
                    "Fax": "",
                    "OrganizationCode": "ORIEXPPVG",
                    "Phone": "",
                    "Port": {
                        "Code": "CNSGH",
                        "Name": "Shanghai"
                    },
                    "Postcode": "200050",
                    "ScreeningStatus": {
                        "Code": "NOT",
                        "Description": "Not Screened"
                    },
                    "State": {
                        "Value": "31"
                    }
                },
                "Category": "FIN",
                "CheckDrawer": "",
                "CheckNumberOrPaymentRef": "",
                "CreateTime": "2025-10-07T07:09:00",
                "CreateUser": {
                    "Value": "LCN"
                },
                "Department": {
                    "Code": "FES",
                    "Name": "Forwarding Export Sea"
                },
                "Description": "AR INVOICE",
                "DrawerBank": "",
                "DrawerBranch": "",
                "DueDate": "2025-10-07T15:04:00",
                "ExchangeRate": 1.0,
                "InvoiceTerm": "COD",
                "InvoiceTermDays": 0,
                "IsCancelled": false,
                "IsCreatedByMatchingProcess": false,
                "IsPrinted": false,
                "Job": {
                    "Type": "Job"
                },
                "JobInvoiceNumber": "",
                "Ledger": "AR",
                "LocalCurrency": {
                    "Code": "CNY",
                    "Description": "Chinese Yuan"
                },
                "LocalExVATAmount": 28.0,
                "LocalTaxTransactionsAmount": 0.0,
                "LocalTotal": 28.0,
                "LocalVATAmount": 0.0,
                "Number": "2510001001",
                "NumberOfSupportingDocuments": 1,
                "OrganizationAddress": {
                    "AddressType": "OFC",
                    "Address1": "9310 4TH AVE S",
                    "Address2": "tst",
                    "AddressOverride": false,
                    "AddressShortCode": "SEA,TAC/ FCL/CASE BY CASE",
                    "City": "SEATTLE",
                    "CompanyName": "THE REVERE GROUP INC.",
                    "Contact": "Accounting / STMT",
                    "Country": {
                        "Code": "US",
                        "Name": "United States"
                    },
                    "Email": "ap.accts@rgroup.com",
                    "Fax": "",
                    "OrganizationCode": "REVERESEA",
                    "Phone": "+12065451850",
                    "Port": {
                        "Code": "USSEA",
                        "Name": "Seattle"
                    },
                    "Postcode": "98108",
                    "ScreeningStatus": {
                        "Code": "NOT",
                        "Description": "Not Screened"
                    },
                    "State": {
                        "Value": "WA"
                    },
                    "RegistrationNumberCollection": {
                        "RegistrationNumber": [
                            {
                                "Type": {
                                    "Code": "EIN"
                                },
                                "CountryOfIssue": {
                                    "Code": "US",
                                    "Name": "United States"
                                },
                                "Value": "91-125700400"
                            },
                            {
                                "Type": {
                                    "Code": "LSC"
                                },
                                "CountryOfIssue": {
                                    "Code": "SA",
                                    "Name": "Saudi Arabia"
                                },
                                "Value": "FMSSEAID-102"
                            },
                            {
                                "Type": {
                                    "Code": "DUN"
                                },
                                "CountryOfIssue": {
                                    "Code": "US",
                                    "Name": "United States"
                                },
                                "Value": "055496632"
                            },
                            {
                                "Type": {
                                    "Code": "EID"
                                },
                                "CountryOfIssue": {
                                    "Code": "US",
                                    "Name": "United States"
                                },
                                "Value": "0027570023"
                            }
                        ]
                    }
                },
                "OutstandingAmount": 28.0,
                "PlaceOfIssue": "SHANGHAI",
                "PostDate": "2025-10-07T15:04:00",
                "ReceiptOrDirectDebitNumber": "",
                "RequisitionStatus": "",
                "TransactionDate": "2025-10-07T15:04:00",
                "TransactionType": "INV",
                "PostingJournalCollection": {
                    "PostingJournal": [
                        {
                            "Branch": {
                                "Code": "SH1",
                                "Name": "ORIENT EXPRESS CONTAINER CO.,LTD(SH1-CEP)"
                            },
                            "Department": {
                                "Code": "FES",
                                "Name": "Forwarding Export Sea"
                            },
                            "Description": "Input Tax Receivable",
                            "IsFinalCharge": false,
                            "Job": {
                                "Type": "Job"
                            },
                            "LocalAmount": 28.0,
                            "LocalCurrency": {
                                "Code": "CNY",
                                "Description": "Chinese Yuan"
                            },
                            "LocalGLAccount": "1240.00.00",
                            "LocalGSTVATAmount": 0.0,
                            "LocalTotalAmount": 28.0,
                            "Organization": {
                                "Type": "Organization",
                                "Key": "REVERESEA"
                            },
                            "RevenueRecognitionType": "IMM",
                            "Sequence": 1,
                            "TransactionCategory": "FIN",
                            "TransactionType": "REV",
                            "PostingJournalDetailCollection": {
                                "PostingJournalDetail": [
                                    {
                                        "CreditGLAccount": {
                                            "AccountCode": "1211.00.00",
                                            "Description": "Revenue Suspense Control Account",
                                            "LocalComplianceAccountCode": "1211.00.00",
                                            "LocalComplianceAccountDescription": "REVENUE SUSPENSE CONTROL ACCOUNT"
                                        },
                                        "DebitGLAccount": {
                                            "AccountCode": "1210.00.00",
                                            "Description": "Accounts Receivable Control",
                                            "LocalComplianceAccountCode": "1210.00.00",
                                            "LocalComplianceAccountDescription": "應收帳款"
                                        },
                                        "PostingAmount": 28.0,
                                        "PostingCurrency": {
                                            "Code": "CNY",
                                            "Description": "Chinese Yuan"
                                        },
                                        "PostingDate": "2025-10-07T15:04:00",
                                        "PostingPeriod": 202510
                                    },
                                    {
                                        "CreditGLAccount": {
                                            "AccountCode": "1240.00.00",
                                            "Description": "Input Tax Receivable",
                                            "LocalComplianceAccountCode": "1240.00.00",
                                            "LocalComplianceAccountDescription": "INPUT TAX RECEIVABLE"
                                        },
                                        "DebitGLAccount": {
                                            "AccountCode": "1211.00.00",
                                            "Description": "Revenue Suspense Control Account",
                                            "LocalComplianceAccountCode": "1211.00.00",
                                            "LocalComplianceAccountDescription": "REVENUE SUSPENSE CONTROL ACCOUNT"
                                        },
                                        "PostingAmount": 28.0,
                                        "PostingCurrency": {
                                            "Code": "CNY",
                                            "Description": "Chinese Yuan"
                                        },
                                        "PostingDate": "2025-10-07T15:04:00",
                                        "PostingPeriod": 202510
                                    }
                                ]
                            },
                            "Oscurrency": {
                                "Code": "CNY",
                                "Description": "Chinese Yuan"
                            },
                            "Osgstvatamount": 0.0,
                            "Osamount": 28.0,
                            "OstotalAmount": 28.0,
                            "Glaccount": {
                                "AccountCode": "1240.00.00",
                                "Description": "Input Tax Receivable",
                                "LocalComplianceAccountCode": "1240.00.00",
                                "LocalComplianceAccountDescription": "INPUT TAX RECEIVABLE"
                            },
                            "GlpostDate": "2025-10-07T15:04:00"
                        }
                    ]
                },
                "MessageNumberCollection": {
                    "MessageNumber": [
                        {
                            "Value": "22a1b7d0-c38e-435d-9d26-ab64a90671d8",
                            "Type": "TRACKING_ID"
                        },
                        {
                            "Value": "00000000000000566556",
                            "Type": "INTERCHANGE_NUMBER"
                        },
                        {
                            "Value": "00000000000000567543",
                            "Type": "MESSAGE_NUMBER"
                        }
                    ]
                },
                "AraccountGroup": {
                    "Code": "CUS",
                    "Description": "CUSTOMER"
                },
                "Oscurrency": {
                    "Code": "CNY",
                    "Description": "Chinese Yuan"
                },
                "OsexGSTVATAmount": 28.0,
                "Osgstvatamount": 0.0,
                "OstaxTransactionsAmount": 0.0,
                "Ostotal": 28.0
            },
            "Version": "1.1"
        }
    }
}