{
    "Xmlns": "http://www.cargowise.com/Schemas/Universal/2011/11",
    "Version": "1.1",
    "Header": {
        "SenderID": "OECSH1AST",
        "RecipientID": "CHINAGUI"
    },
    "Body": {
        "UniversalTransaction": {
            "TransactionInfo": {
                "DataContext": {
                    "DataSourceCollection": {
                        "DataSource": [
                            {
                                "Type": "AccountingInvoice",
                                "Key": "AP CRD CRD11"
                            }
                        ]
                    },
                    "ActionPurpose": {
                        "Code": "INV",
                        "Description": "Invoice"
                    },
                    "Company": {
                        "Code": "SH1",
                        "Country": {
                            "Code": "CN",
                            "Name": "China"
                        },
                        "Name": "ORIENT EXPRESS CONTAINER CO.,LTD (SH1)"
                    },
                    "DataProvider": "OECASTSH1",
                    "EnterpriseID": "OEC",
                    "EventBranch": {
                        "Code": "SH1",
                        "Name": "ORIENT EXPRESS CONTAINER CO.,LTD(SH1-CEP)"
                    },
                    "EventDepartment": {
                        "Code": "FES",
                        "Name": "Forwarding Export Sea"
                    },
                    "EventReference": "AP|CRD|Posted",
                    "EventType": {
                        "Code": "ADD",
                        "Description": "Added a record to the system"
                    },
                    "EventUser": {
                        "Code": "LCN",
                        "Name": "Lydia Chen"
                    },
                    "ServerID": "AST",
                    "TriggerCount": 1,
                    "TriggerDate": "2025-10-07T15:14:17.000+08:00",
                    "TriggerDescription": "ADD to send AP Invoice",
                    "TriggerReference": "AP|CRD|Posted",
                    "TriggerType": "Trigger",
                    "RecipientRoleCollection": {
                        "RecipientRole": [
                            {
                                "Code": "ORP",
                                "Description": "Organization Proxy"
                            }
                        ]
                    }
                },
                "Branch": {
                    "Code": "SH1",
                    "Name": "ORIENT EXPRESS CONTAINER CO.,LTD(SH1-CEP)"
                },
                "BranchAddress": {
                    "AddressType": "OFC",
                    "AdditionalAddressInformation": "ROOM I 16TH FL NO.726 WEST",
                    "Address1": "16 YAN'AN EAST ROAD",
                    "Address2": "CHANGNING DISTRICT",
                    "AddressOverride": false,
                    "AddressShortCode": "ROOM I, 16TH  FL, NO.726,",
                    "City": "SHANGHAI",
                    "CompanyName": "ORIENT EXPRESS CONTAINER CO., LTD.",
                    "Contact": "MISS WANG",
                    "Country": {
                        "Code": "CN",
                        "Name": "China"
                    },
                    "Email": "abc213@gmail.com",
                    "Fax": "",
                    "OrganizationCode": "ORIEXPPVG",
                    "Phone": "",
                    "Port": {
                        "Code": "CNSGH",
                        "Name": "Shanghai"
                    },
                    "Postcode": "200050",
                    "ScreeningStatus": {
                        "Code": "NOT",
                        "Description": "Not Screened"
                    },
                    "State": {
                        "Value": "31"
                    }
                },
                "Category": "STD",
                "CheckDrawer": "",
                "CheckNumberOrPaymentRef": "",
                "CreateTime": "2025-10-07T07:15:00",
                "CreateUser": {
                    "Value": "LCN"
                },
                "Department": {
                    "Code": "FES",
                    "Name": "Forwarding Export Sea"
                },
                "Description": "AP CREDIT NOTE",
                "DrawerBank": "",
                "DrawerBranch": "",
                "DueDate": "2025-10-07T00:00:00",
                "ExchangeRate": 1.0,
                "InvoiceTerm": "COD",
                "InvoiceTermDays": 0,
                "IsCancelled": false,
                "IsCreatedByMatchingProcess": false,
                "IsPrinted": false,
                "Job": {
                    "Type": "Job"
                },
                "JobInvoiceNumber": "CRD2510001000",
                "Ledger": "AP",
                "LocalCurrency": {
                    "Code": "CNY",
                    "Description": "Chinese Yuan"
                },
                "LocalExVATAmount": 10.0,
                "LocalTaxTransactionsAmount": 0.0,
                "LocalTotal": 10.6,
                "LocalVATAmount": 0.6,
                "Number": "CRD11",
                "NumberOfSupportingDocuments": 1,
                "OrganizationAddress": {
                    "AddressType": "OFC",
                    "AdditionalAddressInformation": "测试公司",
                    "Address1": "NO. 123, TEST ROAD, SHANGHAI",
                    "Address2": "",
                    "AddressOverride": false,
                    "AddressShortCode": "NO. 123, TEST ROAD, SHANG",
                    "City": "SHANGHAI",
                    "CompanyName": "ABC COMPANY",
                    "Country": {
                        "Code": "CN",
                        "Name": "China"
                    },
                    "Email": "",
                    "Fax": "",
                    "OrganizationCode": "ABCSHA",
                    "Phone": "",
                    "Port": {
                        "Code": "CNSGH",
                        "Name": "Shanghai"
                    },
                    "Postcode": "",
                    "ScreeningStatus": {
                        "Code": "NOT",
                        "Description": "Not Screened"
                    },
                    "State": {
                        "Value": ""
                    }
                },
                "OutstandingAmount": 10.6,
                "PlaceOfIssue": "SHANGHAI",
                "PostDate": "2025-10-07T15:14:00",
                "ReceiptOrDirectDebitNumber": "",
                "RequisitionStatus": "",
                "TransactionDate": "2025-10-07T00:00:00",
                "TransactionType": "CRD",
                "PostingJournalCollection": {
                    "PostingJournal": [
                        {
                            "Branch": {
                                "Code": "SH1",
                                "Name": "ORIENT EXPRESS CONTAINER CO.,LTD(SH1-CEP)"
                            },
                            "Department": {
                                "Code": "FES",
                                "Name": "Forwarding Export Sea"
                            },
                            "Description": "ADVANCE PAYMENT-OTHER",
                            "IsFinalCharge": false,
                            "Job": {
                                "Type": "Job"
                            },
                            "LocalAmount": 10.0,
                            "LocalCurrency": {
                                "Code": "CNY",
                                "Description": "Chinese Yuan"
                            },
                            "LocalGLAccount": "1299.00.10",
                            "LocalGSTVATAmount": 0.6,
                            "LocalTotalAmount": 10.6,
                            "Organization": {
                                "Type": "Organization",
                                "Key": "ABCSHA"
                            },
                            "RevenueRecognitionType": "IMM",
                            "Sequence": 1,
                            "TaxDate": "2025-10-07",
                            "TransactionCategory": "STD",
                            "TransactionType": "CST",
                            "PostingJournalDetailCollection": {
                                "PostingJournalDetail": [
                                    {
                                        "CreditGLAccount": {
                                            "AccountCode": "2111.00.00",
                                            "Description": "Cost Suspense Control Account",
                                            "LocalComplianceAccountCode": "2111.00.00",
                                            "LocalComplianceAccountDescription": "COST SUSPENSE CONTROL ACCOUNT"
                                        },
                                        "DebitGLAccount": {
                                            "AccountCode": "2110.00.00",
                                            "Description": "Accounts Payable Control",
                                            "LocalComplianceAccountCode": "2110.00.00",
                                            "LocalComplianceAccountDescription": "ACCOUNTS PAYABLE CONTROL"
                                        },
                                        "PostingAmount": 10.0,
                                        "PostingCurrency": {
                                            "Code": "CNY",
                                            "Description": "Chinese Yuan"
                                        },
                                        "PostingDate": "2025-10-07T15:14:00",
                                        "PostingPeriod": 202510
                                    },
                                    {
                                        "CreditGLAccount": {
                                            "AccountCode": "1240.00.00",
                                            "Description": "Input Tax Receivable",
                                            "LocalComplianceAccountCode": "1240.00.00",
                                            "LocalComplianceAccountDescription": "INPUT TAX RECEIVABLE"
                                        },
                                        "DebitGLAccount": {
                                            "AccountCode": "2110.00.00",
                                            "Description": "Accounts Payable Control",
                                            "LocalComplianceAccountCode": "2110.00.00",
                                            "LocalComplianceAccountDescription": "ACCOUNTS PAYABLE CONTROL"
                                        },
                                        "PostingAmount": 0.6,
                                        "PostingCurrency": {
                                            "Code": "CNY",
                                            "Description": "Chinese Yuan"
                                        },
                                        "PostingDate": "2025-10-07T15:14:00",
                                        "PostingPeriod": 202510
                                    },
                                    {
                                        "CreditGLAccount": {
                                            "AccountCode": "1299.00.10",
                                            "Description": "ADVANCE PAYMENT-OTHER",
                                            "LocalComplianceAccountCode": "1299.00.10",
                                            "LocalComplianceAccountDescription": "1299.00.10"
                                        },
                                        "DebitGLAccount": {
                                            "AccountCode": "2111.00.00",
                                            "Description": "Cost Suspense Control Account",
                                            "LocalComplianceAccountCode": "2111.00.00",
                                            "LocalComplianceAccountDescription": "COST SUSPENSE CONTROL ACCOUNT"
                                        },
                                        "PostingAmount": 10.0,
                                        "PostingCurrency": {
                                            "Code": "CNY",
                                            "Description": "Chinese Yuan"
                                        },
                                        "PostingDate": "2025-10-07T15:14:00",
                                        "PostingPeriod": 202510
                                    }
                                ]
                            },
                            "Oscurrency": {
                                "Code": "CNY",
                                "Description": "Chinese Yuan"
                            },
                            "Osgstvatamount": 0.6,
                            "Osamount": 10,
                            "OstotalAmount": 10.6,
                            "VattaxID": {
                                "TaxCode": "VAT6",
                                "Description": "Standard Rate Logistics",
                                "TaxRate": 6,
                                "TaxType": {
                                    "Code": "RAT"
                                }
                            },
                            "Glaccount": {
                                "AccountCode": "1299.00.10",
                                "Description": "ADVANCE PAYMENT-OTHER",
                                "LocalComplianceAccountCode": "1299.00.10",
                                "LocalComplianceAccountDescription": "1299.00.10"
                            },
                            "GlpostDate": "2025-10-07T15:14:00"
                        }
                    ]
                },
                "MessageNumberCollection": {
                    "MessageNumber": [
                        {
                            "Value": "0f02eeb0-c3c5-447e-832f-841d95233c5e",
                            "Type": "TRACKING_ID"
                        },
                        {
                            "Value": "00000000000000566558",
                            "Type": "INTERCHANGE_NUMBER"
                        },
                        {
                            "Value": "00000000000000567545",
                            "Type": "MESSAGE_NUMBER"
                        }
                    ]
                },
                "ApaccountGroup": {
                    "Code": "CUS",
                    "Description": "CUSTOMER"
                },
                "AraccountGroup": {
                    "Code": "CUS",
                    "Description": "CUSTOMER"
                },
                "Oscurrency": {
                    "Code": "CNY",
                    "Description": "Chinese Yuan"
                },
                "OsexGSTVATAmount": 10.0,
                "Osgstvatamount": 0.6,
                "OstaxTransactionsAmount": 0.0,
                "Ostotal": 10.6
            },
            "Version": "1.1"
        }
    }
}