{
    "Xmlns": "http://www.cargowise.com/Schemas/Universal/2011/11",
    "Version": "1.1",
    "Header": {
        "SenderID": "OECSH1AST",
        "RecipientID": "CHINAGUI"
    },
    "Body": {
        "UniversalTransaction": {
            "TransactionInfo": {
                "DataContext": {
                    "DataSourceCollection": {
                        "DataSource": [
                            {
                                "Type": "AccountingInvoice",
                                "Key": "AR INV 2511001023"
                            }
                        ]
                    },
                    "ActionPurpose": {
                        "Code": "EVT",
                        "Description": "Event"
                    },
                    "Company": {
                        "Code": "SH1",
                        "Country": {
                            "Code": "CN",
                            "Name": "China"
                        },
                        "Name": "ORIENT EXPRESS CONTAINER CO.,LTD (SH1)"
                    },
                    "DataProvider": "OECASTSH1",
                    "EnterpriseID": "OEC",
                    "EventBranch": {
                        "Code": "SH1",
                        "Name": "ORIENT EXPRESS CONTAINER CO.,LTD(SH1-CEP)"
                    },
                    "EventDepartment": {
                        "Code": "BRN",
                        "Name": "Branch"
                    },
                    "EventReference": "Compliance Sub Type was defaulted to TXB.",
                    "EventType": {
                        "Code": "EDT",
                        "Description": "Edited a record"
                    },
                    "EventUser": {
                        "Code": "MRL",
                        "Name": "Marvin Lee"
                    },
                    "ServerID": "AST",
                    "Timestamp": 1763688293,
                    "TriggerCount": 1,
                    "TriggerDate": "2025-11-21T09:24:51.937+08:00",
                    "TriggerDescription": "EDIT AR Invoice",
                    "TriggerType": "Trigger",
                    "RecipientRoleCollection": {
                        "RecipientRole": [
                            {
                                "Code": "ORP",
                                "Description": "Organization Proxy"
                            }
                        ]
                    }
                },
                "Branch": {
                    "Code": "SH1",
                    "Name": "ORIENT EXPRESS CONTAINER CO.,LTD(SH1-CEP)"
                },
                "BranchAddress": {
                    "AddressType": "OFC",
                    "AdditionalAddressInformation": "ROOM I 16TH FL NO.726 WEST",
                    "Address1": "16 YAN'AN EAST ROAD",
                    "Address2": "CHANGNING DISTRICT",
                    "AddressOverride": false,
                    "AddressShortCode": "ROOM I, 16TH  FL, NO.726,",
                    "City": "SHANGHAI",
                    "CompanyName": "ORIENT EXPRESS CONTAINER CO., LTD.",
                    "Contact": "MISS WANG",
                    "Country": {
                        "Code": "CN",
                        "Name": "China"
                    },
                    "Email": "abc213@gmail.com",
                    "Fax": "",
                    "OrganizationCode": "ORIEXPPVG",
                    "Phone": "",
                    "Port": {
                        "Code": "CNSGH",
                        "Name": "Shanghai"
                    },
                    "Postcode": "200050",
                    "ScreeningStatus": {
                        "Code": "NOT",
                        "Description": "Not Screened"
                    },
                    "State": {
                        "Value": "31"
                    }
                },
                "Category": "FIN",
                "CheckDrawer": "",
                "CheckNumberOrPaymentRef": "QINGARTAO",
                "ComplianceSubType": "TXB",
                "CreateTime": "2025-11-21T01:24:00",
                "CreateUser": {
                    "Value": "MRL"
                },
                "Department": {
                    "Code": "BRN",
                    "Name": "Branch"
                },
                "Description": "WI00000077",
                "DrawerBank": "",
                "DrawerBranch": "",
                "DueDate": "2025-10-30T14:03:00",
                "ExchangeRate": 1.0,
                "InvoiceTerm": "COD",
                "InvoiceTermDays": 0,
                "IsCancelled": false,
                "IsCreatedByMatchingProcess": false,
                "IsPrinted": false,
                "Job": {
                    "Type": "Job",
                    "Key": "WI00000077"
                },
                "JobInvoiceNumber": "WI00000077/C",
                "Ledger": "AR",
                "LocalCurrency": {
                    "Code": "CNY",
                    "Description": "Chinese Yuan"
                },
                "LocalExVATAmount": 98.0,
                "LocalTaxTransactionsAmount": 0.0,
                "LocalTotal": 103.88,
                "LocalVATAmount": 5.88,
                "Number": "2511001023",
                "NumberOfSupportingDocuments": 1,
                "OrganizationAddress": {
                    "AddressType": "OFC",
                    "Address1": "中文地址1",
                    "Address2": "中文地址2",
                    "AddressOverride": false,
                    "AddressShortCode": "LOCAL",
                    "City": "宁波",
                    "CompanyName": "中文抬头测试",
                    "Country": {
                        "Code": "CN",
                        "Name": "China"
                    },
                    "Email": "",
                    "Fax": "",
                    "OrganizationCode": "QINGARTAO",
                    "Phone": "+862155557777",
                    "Port": {
                        "Code": ""
                    },
                    "Postcode": "",
                    "ScreeningStatus": {
                        "Code": "NOT",
                        "Description": "Not Screened"
                    },
                    "State": {
                        "Value": ""
                    },
                    "RegistrationNumberCollection": {
                        "RegistrationNumber": [
                            {
                                "Type": {
                                    "Code": "LSC"
                                },
                                "CountryOfIssue": {
                                    "Code": "CN",
                                    "Name": "China"
                                },
                                "Value": "PROLINKID-QAG002"
                            },
                            {
                                "Type": {
                                    "Code": "VAT"
                                },
                                "CountryOfIssue": {
                                    "Code": "CN",
                                    "Name": "China"
                                },
                                "Value": "AAAAAAAAA"
                            }
                        ]
                    }
                },
                "OutstandingAmount": 103.88,
                "PlaceOfIssue": "SHANGHAI",
                "PostDate": "2025-11-21T09:24:00",
                "ReceiptOrDirectDebitNumber": "",
                "RequisitionStatus": "",
                "TransactionDate": "2025-10-30T14:03:00",
                "TransactionType": "INV",
                "PostingJournalCollection": {
                    "PostingJournal": [
                        {
                            "Branch": {
                                "Code": "SH1",
                                "Name": "ORIENT EXPRESS CONTAINER CO.,LTD(SH1-CEP)"
                            },
                            "ChargeCode": {
                                "Code": "FRT",
                                "ChargeType": {
                                    "Code": "MJA",
                                    "Description": "Manual Job Accrual"
                                },
                                "Clazz": {
                                    "Code": "SRV",
                                    "Description": "Service"
                                },
                                "Description": "International Freight"
                            },
                            "ChargeCurrency": {
                                "Code": "CNY",
                                "Description": "Chinese Yuan"
                            },
                            "ChargeExchangeRate": 1.0,
                            "ChargeTotalAmount": 103.88,
                            "ChargeTotalExVATAmount": 98.0,
                            "Department": {
                                "Code": "BRN",
                                "Name": "Branch"
                            },
                            "Description": "國際代理運費",
                            "IsFinalCharge": false,
                            "Job": {
                                "Type": "Job",
                                "Key": "WI00000077"
                            },
                            "JobRecognitionDate": "2025-10-30T14:04:00",
                            "LocalAmount": 98.0,
                            "LocalCurrency": {
                                "Code": "CNY",
                                "Description": "Chinese Yuan"
                            },
                            "LocalGLAccount": "4020.10.10",
                            "LocalGSTVATAmount": 5.88,
                            "LocalTotalAmount": 103.88,
                            "Organization": {
                                "Type": "Organization",
                                "Key": "QINGARTAO"
                            },
                            "RevenueRecognitionType": "FAR",
                            "Sequence": 7,
                            "TaxDate": "2025-11-21",
                            "TransactionCategory": "FIN",
                            "TransactionType": "REV",
                            "PostingJournalDetailCollection": {
                                "PostingJournalDetail": [
                                    {
                                        "CreditGLAccount": {
                                            "AccountCode": "1211.00.00",
                                            "Description": "Revenue Suspense Control Account",
                                            "LocalComplianceAccountCode": "1211.00.00",
                                            "LocalComplianceAccountDescription": "REVENUE SUSPENSE CONTROL ACCOUNT"
                                        },
                                        "DebitGLAccount": {
                                            "AccountCode": "1210.00.00",
                                            "Description": "Accounts Receivable Control",
                                            "LocalComplianceAccountCode": "1210.00.00",
                                            "LocalComplianceAccountDescription": "應收帳款"
                                        },
                                        "PostingAmount": 98.0,
                                        "PostingCurrency": {
                                            "Code": "CNY",
                                            "Description": "Chinese Yuan"
                                        },
                                        "PostingDate": "2025-11-21T09:24:00",
                                        "PostingPeriod": 202511
                                    },
                                    {
                                        "CreditGLAccount": {
                                            "AccountCode": "2161.00.00",
                                            "Description": "Output Tax Payable",
                                            "LocalComplianceAccountCode": "2161.00.00",
                                            "LocalComplianceAccountDescription": "銷項稅額"
                                        },
                                        "DebitGLAccount": {
                                            "AccountCode": "1210.00.00",
                                            "Description": "Accounts Receivable Control",
                                            "LocalComplianceAccountCode": "1210.00.00",
                                            "LocalComplianceAccountDescription": "應收帳款"
                                        },
                                        "PostingAmount": 5.88,
                                        "PostingCurrency": {
                                            "Code": "CNY",
                                            "Description": "Chinese Yuan"
                                        },
                                        "PostingDate": "2025-11-21T09:24:00",
                                        "PostingPeriod": 202511
                                    },
                                    {
                                        "CreditGLAccount": {
                                            "AccountCode": "4020.10.10",
                                            "Description": "Freight Revenue Actual",
                                            "LocalComplianceAccountCode": "4020.10.10",
                                            "LocalComplianceAccountDescription": "運費收入"
                                        },
                                        "DebitGLAccount": {
                                            "AccountCode": "1211.00.00",
                                            "Description": "Revenue Suspense Control Account",
                                            "LocalComplianceAccountCode": "1211.00.00",
                                            "LocalComplianceAccountDescription": "REVENUE SUSPENSE CONTROL ACCOUNT"
                                        },
                                        "PostingAmount": 98.0,
                                        "PostingCurrency": {
                                            "Code": "CNY",
                                            "Description": "Chinese Yuan"
                                        },
                                        "PostingDate": "2025-10-30T14:04:00",
                                        "PostingPeriod": 202510
                                    }
                                ]
                            },
                            "OstotalAmount": 103.88,
                            "VattaxID": {
                                "TaxCode": "VAT6",
                                "Description": "Standard Rate Logistics",
                                "TaxRate": 6,
                                "TaxType": {
                                    "Code": "RAT"
                                }
                            },
                            "Oscurrency": {
                                "Code": "CNY",
                                "Description": "Chinese Yuan"
                            },
                            "Osgstvatamount": 5.88,
                            "Glaccount": {
                                "AccountCode": "4020.10.10",
                                "Description": "Freight Revenue Actual",
                                "LocalComplianceAccountCode": "4020.10.10",
                                "LocalComplianceAccountDescription": "運費收入"
                            },
                            "GlpostDate": "2025-11-21T09:24:00",
                            "Osamount": 98
                        }
                    ]
                },
                "InvoiceRemittanceCollection": {
                    "InvoiceRemittance": [
                        {
                            "BillerAccountNumber": "",
                            "BillerCode": "",
                            "DebtorClientNumber": "00001193",
                            "InvoiceRemittanceReference": "QINGARTAO00001193",
                            "InvoiceTransactionReference": "00002389",
                            "Message": "",
                            "Type": {
                                "Code": "OC1",
                                "Description": "Organiztion Code +Client Number"
                            }
                        }
                    ]
                },
                "MessageNumberCollection": {
                    "MessageNumber": [
                        {
                            "Value": "f7fb8042-90e5-4c02-8e09-254988168015",
                            "Type": "TRACKING_ID"
                        },
                        {
                            "Value": "00000000000000571702",
                            "Type": "INTERCHANGE_NUMBER"
                        },
                        {
                            "Value": "00000000000000572682",
                            "Type": "MESSAGE_NUMBER"
                        }
                    ]
                },
                "SellersBankAccountCollection": {
                    "SellersBankAccount": [
                        {
                            "AccountName": "ORIENT EXPRESS CONTAINER CO.,LTD",
                            "AccountNumber": "123-456-789",
                            "BankAccountCode": "SH1CNY01",
                            "BankAccountDescription": "SH1-CEP-CNY",
                            "BankAddress": "上海市浦东新区浦东大道9号",
                            "BankBranch": "",
                            "BankName": "INDUSTRIAL AND COMMERCIAL BANK OF C",
                            "BankSwift": "",
                            "BankUniqueAccNo": "",
                            "Country": {
                                "Code": "CN",
                                "Name": "China"
                            },
                            "Currency": "CNY",
                            "Ibannumber": ""
                        }
                    ]
                },
                "TransactionHeaderReferenceCollection": {
                    "TransactionHeaderReference": [
                        {
                            "Type": "ITR",
                            "Reference": "00002389",
                            "ReferenceDescription": "",
                            "TypeDescription": ""
                        },
                        {
                            "Type": "IRR",
                            "Reference": "QINGARTAO00001193",
                            "ReferenceDescription": "",
                            "TypeDescription": ""
                        }
                    ]
                },
                "ApaccountGroup": {
                    "Code": "CUS",
                    "Description": "CUSTOMER"
                },
                "AraccountGroup": {
                    "Code": "TPY",
                    "Description": "第三方 - THIRD PARTY COMPANY"
                },
                "Oscurrency": {
                    "Code": "CNY",
                    "Description": "Chinese Yuan"
                },
                "OsexGSTVATAmount": 98.0,
                "Osgstvatamount": 5.88,
                "OstaxTransactionsAmount": 0.0,
                "Ostotal": 103.88
            },
            "Version": "1.1"
        }
    }
}