{
    "Xmlns": "http://www.cargowise.com/Schemas/Universal/2011/11",
    "Version": "1.1",
    "Header": {
        "SenderID": "OECSH1AST",
        "RecipientID": "CHINAGUI"
    },
    "Body": {
        "UniversalTransaction": {
            "TransactionInfo": {
                "DataContext": {
                    "DataSourceCollection": {
                        "DataSource": [
                            {
                                "Type": "AccountingInvoice",
                                "Key": "AP INV WI00000056/A"
                            }
                        ]
                    },
                    "ActionPurpose": {
                        "Code": "INV",
                        "Description": "Invoice"
                    },
                    "Company": {
                        "Code": "SH1",
                        "Country": {
                            "Code": "CN",
                            "Name": "China"
                        },
                        "Name": "ORIENT EXPRESS CONTAINER CO.,LTD (SH1)"
                    },
                    "DataProvider": "OECASTSH1",
                    "EnterpriseID": "OEC",
                    "EventBranch": {
                        "Code": "SH1",
                        "Name": "ORIENT EXPRESS CONTAINER CO.,LTD(SH1-CEP)"
                    },
                    "EventDepartment": {
                        "Code": "FES",
                        "Name": "Forwarding Export Sea"
                    },
                    "EventReference": "AP|INV|Posted",
                    "EventType": {
                        "Code": "ADD",
                        "Description": "Added a record to the system"
                    },
                    "EventUser": {
                        "Code": "LCN",
                        "Name": "Lydia Chen"
                    },
                    "ServerID": "AST",
                    "TriggerCount": 1,
                    "TriggerDate": "2025-10-07T14:45:55.083+08:00",
                    "TriggerDescription": "ADD to send AP Invoice",
                    "TriggerReference": "AP|INV|Posted",
                    "TriggerType": "Trigger",
                    "RecipientRoleCollection": {
                        "RecipientRole": [
                            {
                                "Code": "ORP",
                                "Description": "Organization Proxy"
                            }
                        ]
                    }
                },
                "Branch": {
                    "Code": "SH1",
                    "Name": "ORIENT EXPRESS CONTAINER CO.,LTD(SH1-CEP)"
                },
                "BranchAddress": {
                    "AddressType": "OFC",
                    "AdditionalAddressInformation": "ROOM I 16TH FL NO.726 WEST",
                    "Address1": "16 YAN'AN EAST ROAD",
                    "Address2": "CHANGNING DISTRICT",
                    "AddressOverride": false,
                    "AddressShortCode": "ROOM I, 16TH  FL, NO.726,",
                    "City": "SHANGHAI",
                    "CompanyName": "ORIENT EXPRESS CONTAINER CO., LTD.",
                    "Contact": "MISS WANG",
                    "Country": {
                        "Code": "CN",
                        "Name": "China"
                    },
                    "Email": "abc213@gmail.com",
                    "Fax": "",
                    "OrganizationCode": "ORIEXPPVG",
                    "Phone": "",
                    "Port": {
                        "Code": "CNSGH",
                        "Name": "Shanghai"
                    },
                    "Postcode": "200050",
                    "ScreeningStatus": {
                        "Code": "NOT",
                        "Description": "Not Screened"
                    },
                    "State": {
                        "Value": "31"
                    }
                },
                "Category": "STD",
                "CheckDrawer": "",
                "CheckNumberOrPaymentRef": "",
                "ComplianceSubType": "TXB",
                "CreateTime": "2025-10-07T06:45:00",
                "CreateUser": {
                    "Value": "LCN"
                },
                "Department": {
                    "Code": "FES",
                    "Name": "Forwarding Export Sea"
                },
                "Description": "WI00000056",
                "DrawerBank": "",
                "DrawerBranch": "",
                "DueDate": "2025-10-07T00:00:00",
                "ExchangeRate": 1.0,
                "ExternalCreditorCode": "222",
                "ExternalDebtorCode": "A001",
                "InvoiceTerm": "COD",
                "InvoiceTermDays": 0,
                "IsCancelled": false,
                "IsCreatedByMatchingProcess": false,
                "IsPrinted": false,
                "Job": {
                    "Type": "Job",
                    "Key": "WI00000056"
                },
                "JobInvoiceNumber": "INV2510001001",
                "Ledger": "AP",
                "LocalCurrency": {
                    "Code": "CNY",
                    "Description": "Chinese Yuan"
                },
                "LocalExVATAmount": -88.0,
                "LocalTaxTransactionsAmount": 0.0,
                "LocalTotal": -88.0,
                "LocalVATAmount": 0.0,
                "Number": "WI00000056/A",
                "NumberOfSupportingDocuments": 1,
                "OrganizationAddress": {
                    "AddressType": "OFC",
                    "AdditionalAddressInformation": "安吉马萨奇",
                    "Address1": "BLOCK 2, SUNLIGHT INDUSTRIAL ZONE, ANJI COUNTY",
                    "Address2": "a",
                    "AddressOverride": false,
                    "AddressShortCode": "BLOCK 2, SUNLIGHT INDUSTR",
                    "City": "HUZHOU",
                    "CompanyName": "ANJI MASAQI FURNITURE CO., LTD(2)",
                    "Contact": "BECKY",
                    "Country": {
                        "Code": "CN",
                        "Name": "China"
                    },
                    "Email": "wudajun@zc168168.com",
                    "Fax": "",
                    "OrganizationCode": "ANJMASHZH",
                    "Phone": "+865722591358",
                    "Port": {
                        "Code": "CNHZH",
                        "Name": "Huzhou"
                    },
                    "Postcode": "313300",
                    "ScreeningStatus": {
                        "Code": "NOT",
                        "Description": "Not Screened"
                    },
                    "State": {
                        "Value": "33"
                    },
                    "RegistrationNumberCollection": {
                        "RegistrationNumber": [
                            {
                                "Type": {
                                    "Code": "VAT"
                                },
                                "CountryOfIssue": {
                                    "Code": "CN",
                                    "Name": "China"
                                },
                                "Value": "91330523MA28C2A10H"
                            },
                            {
                                "Type": {
                                    "Code": "ECR"
                                },
                                "CountryOfIssue": {
                                    "Code": "CN",
                                    "Name": "China"
                                },
                                "Value": "222"
                            },
                            {
                                "Type": {
                                    "Code": "EDR"
                                },
                                "CountryOfIssue": {
                                    "Code": "CN",
                                    "Name": "China"
                                },
                                "Value": "A001"
                            },
                            {
                                "Type": {
                                    "Code": "VAT"
                                },
                                "CountryOfIssue": {
                                    "Code": "TW",
                                    "Name": "Taiwan"
                                },
                                "Value": "94132433"
                            }
                        ]
                    }
                },
                "OutstandingAmount": -88.0,
                "PlaceOfIssue": "SHANGHAI",
                "PostDate": "2025-10-07T14:45:00",
                "ReceiptOrDirectDebitNumber": "",
                "RequisitionDate": "2025-10-07T00:00:00",
                "RequisitionStatus": "NRM",
                "TransactionDate": "2025-10-07T00:00:00",
                "TransactionType": "INV",
                "PostingJournalCollection": {
                    "PostingJournal": [
                        {
                            "Branch": {
                                "Code": "SH1",
                                "Name": "ORIENT EXPRESS CONTAINER CO.,LTD(SH1-CEP)"
                            },
                            "ChargeCode": {
                                "Code": "ODOC",
                                "ChargeType": {
                                    "Code": "MJA",
                                    "Description": "Manual Job Accrual"
                                },
                                "Clazz": {
                                    "Code": "SRV",
                                    "Description": "Service"
                                },
                                "Description": "Origin Documentation Fee"
                            },
                            "ChargeCurrency": {
                                "Code": "CNY",
                                "Description": "Chinese Yuan"
                            },
                            "ChargeExchangeRate": 1.0,
                            "ChargeTotalAmount": 88.0,
                            "ChargeTotalExVATAmount": 88.0,
                            "Department": {
                                "Code": "FES",
                                "Name": "Forwarding Export Sea"
                            },
                            "Description": "启运港文件费",
                            "IsFinalCharge": false,
                            "Job": {
                                "Type": "Job",
                                "Key": "WI00000056"
                            },
                            "JobRecognitionDate": "2025-06-18T17:09:00",
                            "LocalAmount": -88.0,
                            "LocalCurrency": {
                                "Code": "CNY",
                                "Description": "Chinese Yuan"
                            },
                            "LocalGLAccount": "5070.10.10",
                            "LocalGSTVATAmount": 0.0,
                            "LocalTotalAmount": -88.0,
                            "Organization": {
                                "Type": "Organization",
                                "Key": "ANJMASHZH"
                            },
                            "RevenueRecognitionType": "FAR",
                            "Sequence": 1,
                            "TaxDate": "2025-10-07",
                            "TransactionCategory": "STD",
                            "TransactionType": "CST",
                            "PostingJournalDetailCollection": {
                                "PostingJournalDetail": [
                                    {
                                        "CreditGLAccount": {
                                            "AccountCode": "2110.00.00",
                                            "Description": "Accounts Payable Control",
                                            "LocalComplianceAccountCode": "2110.00.00",
                                            "LocalComplianceAccountDescription": "ACCOUNTS PAYABLE CONTROL"
                                        },
                                        "DebitGLAccount": {
                                            "AccountCode": "2111.00.00",
                                            "Description": "Cost Suspense Control Account",
                                            "LocalComplianceAccountCode": "2111.00.00",
                                            "LocalComplianceAccountDescription": "COST SUSPENSE CONTROL ACCOUNT"
                                        },
                                        "PostingAmount": 88.0,
                                        "PostingCurrency": {
                                            "Code": "CNY",
                                            "Description": "Chinese Yuan"
                                        },
                                        "PostingDate": "2025-10-07T14:45:00",
                                        "PostingPeriod": 202510
                                    },
                                    {
                                        "CreditGLAccount": {
                                            "AccountCode": "2111.00.00",
                                            "Description": "Cost Suspense Control Account",
                                            "LocalComplianceAccountCode": "2111.00.00",
                                            "LocalComplianceAccountDescription": "COST SUSPENSE CONTROL ACCOUNT"
                                        },
                                        "DebitGLAccount": {
                                            "AccountCode": "5070.10.10",
                                            "Description": "Handling Costs Actual",
                                            "LocalComplianceAccountCode": "5070.10.10",
                                            "LocalComplianceAccountDescription": "HANDLING COSTS ACTUAL"
                                        },
                                        "PostingAmount": 88.0,
                                        "PostingCurrency": {
                                            "Code": "CNY",
                                            "Description": "Chinese Yuan"
                                        },
                                        "PostingDate": "2025-06-18T17:09:00",
                                        "PostingPeriod": 202506
                                    }
                                ]
                            },
                            "Oscurrency": {
                                "Code": "CNY",
                                "Description": "Chinese Yuan"
                            },
                            "Osgstvatamount": 0.0,
                            "Osamount": -88.0,
                            "OstotalAmount": -88.0,
                            "VattaxID": {
                                "TaxCode": "FREEVAT",
                                "Description": "Zero Rated",
                                "TaxRate": 0,
                                "TaxType": {
                                    "Code": "RAT"
                                }
                            },
                            "Glaccount": {
                                "AccountCode": "5070.10.10",
                                "Description": "Handling Costs Actual",
                                "LocalComplianceAccountCode": "5070.10.10",
                                "LocalComplianceAccountDescription": "HANDLING COSTS ACTUAL"
                            },
                            "GlpostDate": "2025-10-07T14:45:00"
                        }
                    ]
                },
                "MessageNumberCollection": {
                    "MessageNumber": [
                        {
                            "Value": "6f1237b2-6c83-4074-a6f0-887f552f4ce6",
                            "Type": "TRACKING_ID"
                        },
                        {
                            "Value": "00000000000000566505",
                            "Type": "INTERCHANGE_NUMBER"
                        },
                        {
                            "Value": "00000000000000567492",
                            "Type": "MESSAGE_NUMBER"
                        }
                    ]
                },
                "ApaccountGroup": {
                    "Code": "SPR",
                    "Description": "SHIPPER"
                },
                "AraccountGroup": {
                    "Code": "SPR",
                    "Description": "SHIPPER"
                },
                "Oscurrency": {
                    "Code": "CNY",
                    "Description": "Chinese Yuan"
                },
                "OsexGSTVATAmount": -88.0,
                "Osgstvatamount": 0.0,
                "OstaxTransactionsAmount": 0.0,
                "Ostotal": -88.0
            },
            "Version": "1.1"
        }
    }
}